"Actual by Accommodation by Type by Variable (Monthly)","","","","","","","","","","","","","","","","","","","","","","","","","","","","","","","","","","","",""
"","Total","","","","","","Hotels","","","","","","Motels","","","","","","Backpackers","","","","","","Holiday parks","","","","","","Total excluding holiday parks","","","","",""
" ","Number of establishments","Capacity (stay unit nights)","Number of guest nights","Occupancy rate (percent)","Average length of stay (nights)","Capacity (stay units)","Number of establishments","Capacity (stay unit nights)","Number of guest nights","Occupancy rate (percent)","Average length of stay (nights)","Capacity (stay units)","Number of establishments","Capacity (stay unit nights)","Number of guest nights","Occupancy rate (percent)","Average length of stay (nights)","Capacity (stay units)","Number of establishments","Capacity (stay unit nights)","Number of guest nights","Occupancy rate (percent)","Average length of stay (nights)","Capacity (stay units)","Number of establishments","Capacity (stay unit nights)","Number of guest nights","Occupancy rate (percent)","Average length of stay (nights)","Capacity (stay units)","Number of establishments","Capacity (stay unit nights)","Number of guest nights","Occupancy rate (percent)","Average length of stay (nights)","Capacity (stay units)"
"1996M07",2435,2906653,1341729,27.6,2.0,93763,568,673568,467138,46.7,1.8,21728,1289,588225,582159,49.6,2.0,18975,223,291555,121532,37.1,2.3,9405,355,1353305,170901,6.5,2.7,43655,2080,1553348,1170828,46.0,1.9,50108
"1996M08",2575,3036946,1337410,26.3,2.1,97966,575,680264,499594,47.8,1.9,21944,1375,613428,531638,45.1,2.0,19788,242,303087,136132,36.2,2.4,9777,383,1440167,170047,6.1,2.7,46457,2192,1596779,1167364,44.6,2.0,51509
"1996M09",2607,3040500,1571876,28.7,2.0,101350,575,668310,514138,48.9,1.9,22277,1391,607440,663184,52.1,2.0,20248,248,308790,140637,37.6,2.5,10293,393,1455960,253917,7.8,2.4,48532,2214,1584540,1317959,47.9,2.0,52818
"1996M10",2582,3125823,1620502,30.5,1.9,100833,583,703576,585402,53.0,1.7,22696,1363,616218,621985,52.9,1.9,19878,245,310558,143942,39.1,2.4,10018,391,1495471,269173,9.0,2.3,48241,2191,1630352,1351329,50.3,1.8,52592
"1996M11",2608,3162240,1860551,34.2,1.8,105408,588,692310,687018,62.0,1.8,23077,1373,600900,686833,59.1,1.8,20030,250,304800,187010,49.3,2.1,10160,397,1564230,299689,9.4,2.0,52141,2211,1598010,1560862,58.5,1.8,53267
"1996M12",2608,3335941,2252241,34.0,2.0,107611,582,714550,595423,49.2,1.7,23050,1375,626510,723386,51.9,1.8,20210,249,316665,210416,53.6,2.1,10215,402,1678216,723017,17.2,2.5,54136,2206,1657725,1529225,51.1,1.8,53475
"1997M01",2619,3352867,3116572,42.4,2.4,108157,584,717557,620815,50.0,1.8,23147,1379,630509,940040,62.6,1.9,20339,252,321098,237321,58.1,2.1,10358,404,1683703,1318397,28.7,3.6,54313,2215,1669164,1798175,56.3,1.9,53844
"1997M02",2632,3049760,2295736,41.5,1.9,108920,583,647836,698808,65.6,1.7,23137,1388,575288,807912,68.3,1.8,20546,256,303576,226553,60.1,2.0,10842,405,1523060,562463,17.5,2.3,54395,2227,1526700,1733273,65.5,1.8,54525
"1997M03",2632,3385138,2297245,37.4,1.9,109198,580,715666,674224,58.4,1.6,23086,1390,638135,836491,63.1,1.8,20585,256,340690,229204,55.1,2.1,10990,406,1690647,557325,15.3,2.4,54537,2226,1694491,1739919,59.5,1.8,54661
"1997M04",2622,3249360,1752266,30.6,1.8,108312,580,689400,558843,51.2,1.7,22980,1388,618780,678750,54.5,1.8,20626,254,327900,175810,43.7,2.1,10930,400,1613280,338863,10.0,2.3,53776,2222,1636080,1413403,50.9,1.8,54536
"1997M05",2576,3197650,1283814,24.7,1.9,103150,567,707513,467856,44.5,1.8,22823,1374,633733,503578,42.5,1.8,20443,249,337683,128739,31.8,2.3,10893,386,1518721,183642,6.5,2.3,48991,2190,1678929,1100173,41.2,1.8,54159
"1997M06",2555,3073110,1075966,21.8,2.0,102437,558,677700,383723,38.1,1.8,22590,1372,611250,445757,39.2,1.9,20375,241,322740,109085,29.2,2.5,10758,384,1461420,137401,5.3,2.8,48714,2171,1611690,938565,36.7,1.9,53723
"1997M07",2483,3092870,1387422,25.6,2.0,99770,545,696725,473109,42.9,1.8,22475,1350,622697,602127,46.6,1.9,20087,229,329344,133608,34.8,2.3,10624,359,1444104,178577,6.0,2.5,46584,2124,1648766,1208844,42.7,1.9,53186
"1997M08",2511,3091382,1345574,25.9,2.1,99722,551,698213,496902,46.0,1.9,22523,1370,633206,546344,43.7,2.0,20426,229,335451,131733,33.8,2.5,10821,361,1424512,170594,6.2,2.6,45952,2150,1666870,1174980,42.7,2.0,53770
"1997M09",2561,3079080,1363800,26.2,2.0,102636,559,681300,473193,44.9,1.8,22710,1383,616500,547029,45.5,1.9,20550,242,344730,131053,33.3,2.3,11491,377,1436550,212524,7.4,2.3,47885,2184,1642530,1151276,42.7,1.9,54751
"1997M10",2650,3358881,1782963,29.6,1.9,108351,568,715821,577881,50.5,1.7,23091,1428,652736,713458,53.3,1.9,21056,254,362235,151373,35.0,2.1,11685,400,1628089,340252,9.6,2.3,52519,2250,1730792,1442711,48.3,1.8,55832
"1997M11",2680,3268740,1768063,32.0,1.8,108958,570,700140,642776,58.0,1.7,23338,1452,639600,648362,53.3,1.7,21320,254,351060,182617,43.1,1.9,11702,404,1577940,294309,9.3,2.2,52598,2276,1690800,1473755,53.2,1.7,56360
"1997M12",2671,3397507,2255826,33.0,2.0,109597,565,731135,556432,45.0,1.7,23585,1443,651806,687475,47.9,1.8,21026,255,362266,208157,48.8,1.9,11686,408,1652300,803762,18.4,2.8,53300,2263,1745207,1452064,46.9,1.8,56297
"1998M01",2692,3413224,3256609,42.0,2.5,110104,564,726082,585852,46.9,1.8,23422,1456,657975,916726,58.6,1.9,21225,260,371163,241872,56.0,2.0,11973,412,1658004,1512159,30.1,3.9,53484,2280,1755220,1744450,53.2,1.9,56620
"1998M02",2694,3085264,2291608,40.7,1.9,110188,570,662228,673468,62.5,1.7,23651,1451,591864,801710,66.1,1.8,21138,261,331016,217607,56.5,1.9,11822,412,1500156,598823,17.6,2.3,53577,2282,1585108,1692784,62.6,1.8,56611
"1998M03",2715,3426089,2067472,34.9,1.9,110519,573,733832,640073,55.7,1.8,23672,1464,663462,775225,60.0,1.8,21402,265,371597,217234,50.3,2.0,11987,413,1657198,434939,12.2,2.2,53458,2302,1768891,1632532,56.2,1.8,57061
"1998M04",2698,3281520,1949003,32.0,1.9,109384,568,708000,557415,49.0,1.8,23600,1462,643020,747828,54.9,1.8,21434,262,361740,188259,42.7,2.1,12058,406,1568760,455501,12.4,2.2,52292,2292,1712760,1493502,49.9,1.8,57092
"1998M05",2694,3278715,1334408,24.4,1.9,105765,575,728655,449741,40.9,1.8,23505,1466,666841,546604,42.9,1.8,21511,260,385857,135178,29.5,2.2,12447,393,1497362,202885,6.9,2.4,48302,2301,1781353,1131523,39.2,1.8,57463
"1998M06",2662,3151440,1052802,21.2,1.9,105048,562,705120,377583,36.7,1.9,23504,1462,644700,427496,37.2,1.8,21490,257,376080,108277,25.5,2.2,12536,381,1425540,139447,5.3,2.6,47518,2281,1725900,913356,34.4,1.9,57530
"1998M07",2628,3218606,1417150,25.2,2.0,103826,556,735878,484001,41.7,1.9,23738,1456,670096,608256,44.1,1.9,21616,251,381145,137950,31.4,2.2,12295,365,1431487,186944,6.1,2.4,46177,2263,1787119,1230207,40.4,1.9,57649
"1998M08",2694,3301097,1342028,24.4,2.0,106487,570,738730,492540,42.9,2.0,23830,1480,683612,548454,41.5,1.9,22052,262,400737,133800,29.2,2.3,12927,382,1478018,167234,5.8,2.5,47678,2312,1823079,1174794,39.4,2.0,58809
"1998M09",2723,3236730,1454850,26.1,1.9,107891,570,730170,497318,43.7,1.9,24339,1486,655380,592175,45.8,1.8,21846,278,402750,141732,30.2,2.2,13425,389,1448430,223624,7.2,2.2,48281,2334,1788300,1231226,41.4,1.9,59610
"1998M10",2754,3499931,1828089,29.3,1.9,112901,572,755594,599504,50.0,1.8,24374,1489,676606,721980,51.7,1.8,21826,286,425878,174585,35.2,2.1,13738,407,1641853,332021,9.1,2.2,52963,2347,1858078,1496068,47.2,1.8,59938
"1998M11",2767,3418140,1847221,32.4,1.8,113938,578,743100,672669,57.8,1.7,24770,1493,657300,658914,53.2,1.7,21910,282,404250,200902,43.1,1.9,13475,414,1613490,314736,9.5,2.0,53783,2353,1804650,1532485,52.8,1.7,60155
"1998M12",2778,3550833,2291998,33.0,2.0,114543,580,768521,588061,45.3,1.7,24791,1494,682806,707685,47.6,1.8,22026,286,422282,235583,48.4,2.0,13622,418,1677224,760668,17.4,2.7,54104,2360,1873609,1531329,46.9,1.8,60439
"1999M01",2769,3520050,3346847,43.7,2.3,113550,577,763158,658358,49.0,1.8,24618,1497,681225,935241,58.1,1.9,21975,283,417384,270759,55.6,1.9,13464,412,1658283,1482488,32.5,3.3,53493,2357,1861767,1864359,53.8,1.9,60057
"1999M02",2780,3205244,2302880,41.0,1.8,114473,580,699048,719525,64.0,1.7,24966,1498,618156,796830,63.8,1.7,22077,287,380828,256131,59.3,1.9,13601,415,1507212,530394,16.3,2.1,53829,2365,1698032,1772486,62.9,1.7,60644
"1999M03",2766,3538836,2211898,36.5,1.8,114156,573,773295,717013,58.1,1.8,24945,1496,686123,807243,60.1,1.8,22133,286,425072,256892,53.8,2.0,13712,411,1654346,430751,12.2,2.1,53366,2355,1884490,1781147,57.9,1.8,60790
"1999M04",2745,3411690,2037904,32.8,1.9,113723,563,747840,629595,51.2,1.7,24928,1495,662880,748156,53.9,1.8,22096,280,403650,211673,45.8,2.0,13455,407,1597320,448480,12.1,2.2,53244,2338,1814370,1589424,51.0,1.8,60479
"1999M05",2729,3388889,1311744,24.5,1.9,109319,561,770815,492586,42.7,1.8,24865,1496,687332,490736,39.4,1.7,22172,276,418562,152276,32.5,2.2,13502,396,1512180,176146,6.1,2.2,48780,2333,1876709,1135598,39.2,1.8,60539
"1999M06",2719,3273900,1311513,24.1,1.9,109130,561,744990,454040,39.6,1.8,24833,1499,667050,538712,41.9,1.8,22235,266,394560,140626,31.5,2.1,13152,393,1467300,178135,6.0,2.3,48910,2326,1806600,1133379,38.7,1.8,60220
"1999M07",2721,3397507,1515390,26.0,2.0,109597,566,776457,556963,45.3,1.9,25047,1496,689347,616079,43.8,1.8,22237,268,419368,155868,33.1,2.2,13528,391,1512335,186480,6.0,2.3,48785,2330,1885172,1328910,42.0,1.9,60812
"1999M08",2723,3388424,1450083,26.2,2.0,109304,567,779526,559530,46.7,1.9,25146,1500,688944,557993,42.3,1.9,22224,271,428265,159207,33.7,2.3,13815,385,1491689,173353,5.9,2.5,48119,2338,1896735,1276730,42.2,1.9,61185
"1999M09",2766,3345600,1794935,30.7,2.0,111520,573,762810,633029,52.0,2.0,25427,1517,671070,704351,50.6,1.9,22369,283,428310,174285,36.9,2.2,14277,393,1483410,283270,8.9,2.3,49447,2373,1862190,1511665,48.0,1.9,62073
"1999M10",2791,3579415,1840983,29.9,1.9,115465,570,783773,641704,51.1,1.7,25283,1533,701313,685529,49.4,1.8,22623,283,439270,186219,38.6,2.1,14170,405,1655059,327532,9.3,2.1,53389,2386,1924356,1513452,47.6,1.8,62076
"1999M11",2802,3492360,2044836,35.2,1.8,116412,567,756000,755577,62.6,1.8,25200,1536,677820,719332,55.9,1.7,22594,282,424920,241370,51.3,2.0,14164,417,1633620,328558,9.7,2.0,54454,2385,1858740,1716279,57.6,1.8,61958
"1999M12",2832,3663766,2363005,33.8,2.0,118186,567,776519,606464,46.9,1.7,25049,1551,708505,717066,47.1,1.8,22855,291,451453,263536,52.5,2.0,14563,423,1727289,775939,17.6,2.5,55719,2409,1936477,1587066,48.3,1.8,62467
"2000M01",2881,3734291,3447370,44.1,2.2,120461,581,802993,702045,50.0,1.7,25903,1574,719169,995101,58.9,1.9,23199,294,454367,299989,59.8,1.9,14657,432,1757762,1450235,31.3,3.3,56702,2449,1976529,1997135,55.5,1.8,63759
"2000M02",2884,3508797,2548510,41.8,1.8,120993,581,754580,817353,66.9,1.7,26020,1577,673699,886873,65.5,1.8,23231,296,438712,286079,59.8,1.9,15128,430,1641806,558206,15.7,2.0,56614,2454,1866991,1990304,64.7,1.8,64379
"2000M03",2886,3741917,2358404,36.9,1.8,120707,587,811084,764469,58.2,1.7,26164,1574,717588,847482,59.8,1.7,23148,296,470115,279195,54.6,2.0,15165,429,1743130,467259,12.8,1.8,56230,2457,1998787,1891146,57.9,1.8,64477
"2000M04",2872,3596100,2284254,34.3,1.8,119870,579,779880,689168,52.2,1.7,25996,1575,699060,856284,56.3,1.8,23302,296,452520,244394,48.8,2.0,15084,422,1664640,494408,12.8,2.0,55488,2450,1931460,1789846,52.9,1.8,64382
"2000M05",2830,3553840,1394242,25.1,1.8,114640,570,797072,524218,43.9,1.7,25712,1564,717526,517466,40.2,1.7,23146,290,455793,173390,34.7,2.1,14703,406,1583449,179168,5.9,2.0,51079,2424,1970391,1215073,40.4,1.8,63561
"2000M06",2813,3441000,1315749,23.5,1.9,114700,569,768570,481890,40.4,1.8,25619,1557,693330,516216,39.3,1.8,23111,288,454020,157411,31.3,2.1,15134,399,1525080,160233,5.4,2.2,50836,2414,1915920,1155516,37.9,1.8,63864
"2000M07",2809,3531830,1664737,26.9,1.9,113930,568,804016,606974,46.1,1.8,25936,1556,718270,677470,45.1,1.8,23170,289,477803,190120,35.0,2.2,15413,396,1531741,190173,5.9,2.2,49411,2413,2000089,1474564,43.1,1.9,64519
"2000M08",2824,3539828,1582855,26.9,1.9,114188,575,806186,623301,48.4,1.9,26006,1561,717836,604860,43.4,1.9,23156,289,479074,184807,34.5,2.3,15454,399,1536732,169886,5.6,2.1,49572,2425,2003096,1412968,43.3,1.9,64616
"2000M09",2848,3447660,1703867,28.3,1.9,114922,576,780450,595888,46.9,1.8,26015,1569,698760,678661,47.1,1.8,23292,300,472470,181917,34.6,2.2,15749,403,1495980,247400,7.8,2.0,49866,2445,1951680,1456467,44.0,1.9,65056
"2000M10",2873,3598139,1946929,31.5,1.8,116069,577,813409,684790,53.3,1.8,26239,1576,725493,737869,50.5,1.8,23403,306,488777,202099,37.1,2.0,15767,414,1570460,322170,9.8,2.0,50660,2459,2027679,1624759,48.4,1.8,65409
"2000M11",2881,3594990,2184128,36.5,1.8,119833,574,790290,826480,65.7,1.7,26343,1578,703560,749728,56.3,1.7,23452,307,475560,260476,48.0,1.9,15852,422,1625580,347444,10.4,1.9,54186,2459,1969410,1836684,58.1,1.7,65647
"2000M12",2899,3748923,2697561,37.5,1.9,120933,574,816106,733285,51.8,1.7,26326,1589,728810,819961,51.1,1.8,23510,311,490575,294077,54.0,1.9,15825,425,1713432,850238,20.1,2.3,55272,2474,2035491,1847323,52.1,1.8,65661
"2001M01",2903,3762098,3740220,47.7,2.1,121358,580,821159,847948,58.1,1.7,26489,1590,732840,1088076,63.8,1.9,23640,308,494450,327131,59.3,2.0,15950,425,1713649,1477065,32.5,2.8,55279,2478,2048449,2263155,60.4,1.8,66079
"2001M02",2898,3387804,2645275,44.8,1.8,120993,578,739396,841803,69.7,1.7,26407,1587,656992,905223,68.3,1.8,23464,309,449540,307102,61.6,1.9,16055,424,1541876,591146,17.9,2.0,55067,2474,1845928,2054128,67.2,1.8,65926
"2001M03",2908,3748675,2616630,40.8,1.8,120925,580,820632,870016,66.1,1.7,26472,1593,728097,928539,64.4,1.7,23487,313,501363,310370,55.5,1.9,16173,422,1698583,507706,14.1,1.9,54793,2486,2050092,2108925,62.9,1.7,66132
"2001M04",2916,3617550,2244024,34.6,1.8,120585,585,798870,708591,53.1,1.7,26629,1600,708060,821279,54.9,1.8,23602,310,489360,263060,49.1,2.0,16312,421,1621260,451094,12.3,2.0,54042,2495,1996290,1792930,52.7,1.8,66543
"2001M05",2879,3589118,1519711,27.1,1.8,115778,581,828072,583637,47.0,1.7,26712,1590,729089,556007,42.2,1.8,23519,304,494915,193629,36.3,2.1,15965,404,1537042,186438,6.4,2.0,49582,2475,2052076,1333273,42.7,1.8,66196
"2001M06",2855,3452520,1432712,25.3,1.8,115084,578,799980,523032,42.2,1.8,26666,1581,703230,565743,42.0,1.8,23441,302,477870,172393,32.1,2.0,15929,394,1471440,171544,5.9,2.1,49048,2461,1981080,1261167,39.7,1.8,66036
"2001M07",2864,3577617,1802223,28.9,1.9,115407,581,828444,661140,48.1,1.9,26724,1587,733150,729463,47.9,1.9,23650,307,503781,210281,37.1,2.2,16251,389,1512242,201338,6.3,2.2,48782,2475,2065375,1600884,45.4,1.9,66625
"2001M08",2876,3590389,1757486,29.2,1.9,115819,585,834892,687005,51.3,1.9,26932,1590,739474,664720,45.5,1.9,23854,313,511996,208812,36.6,2.2,16516,388,1504027,196949,6.5,2.2,48517,2488,2086362,1560537,45.6,1.9,67302
"2001M09",2905,3520440,1863683,30.5,1.9,117348,587,808860,671370,50.6,1.9,26962,1602,717300,726204,49.6,1.9,23910,316,497370,206428,37.7,2.1,16579,400,1496910,259681,8.1,2.0,49897,2505,2023530,1604002,47.0,1.9,67451
"2001M10",2916,3681560,2076713,32.8,1.8,118760,588,841185,723668,53.7,1.8,27135,1598,738017,774324,52.3,1.8,23807,318,514879,233389,40.9,2.0,16609,412,1587479,345331,10.1,2.0,51209,2504,2094081,1731382,50.1,1.8,67551
"2001M11",2933,3661170,2229590,36.2,1.8,122039,587,811470,791895,61.1,1.7,27049,1607,714690,769124,55.7,1.8,23823,321,501120,283707,50.5,1.9,16704,418,1633890,384865,11.0,1.8,54463,2515,2027280,1844726,56.6,1.8,67576
"2001M12",2947,3821866,2831237,37.8,2.0,123286,591,847912,766262,51.8,1.7,27352,1611,742109,856253,52.4,1.8,23939,323,528767,307573,50.9,1.9,17057,422,1703078,901150,20.4,2.4,54938,2525,2118788,1930088,51.8,1.8,68348
"2002M01",2952,3827291,3840258,48.1,2.1,123461,588,844657,866741,57.8,1.8,27247,1616,743659,1117089,64.3,1.9,23989,319,524737,357214,61.4,2.0,16927,429,1714238,1499215,32.2,2.8,55298,2523,2113053,2341044,61.0,1.9,68163
"2002M02",2956,3466988,2829400,46.6,1.8,123821,586,765044,897572,70.9,1.7,27323,1621,677488,954917,69.5,1.8,24196,321,478772,343608,64.6,1.9,17099,428,1545684,633304,19.0,2.0,55203,2528,1921304,2196097,68.8,1.8,68618
"2002M03",2949,3830236,3070082,45.1,1.9,123556,582,848408,971232,68.9,1.8,27368,1619,748743,1065722,68.6,1.8,24153,322,531867,367035,61.7,2.0,17157,426,1701218,666093,17.6,1.9,54878,2523,2129018,2403989,67.0,1.9,68678
"2002M04",2934,3600780,2269600,36.5,1.8,120026,580,819510,755659,56.1,1.8,27317,1614,724050,814520,55.2,1.7,24135,322,517920,294627,51.5,1.9,17264,418,1539300,404794,12.1,1.9,51310,2516,2061480,1864806,54.6,1.8,68716
"2002M05",2905,3662216,1681505,28.7,1.8,118136,582,845339,627892,47.7,1.7,27269,1609,745271,596129,43.6,1.7,24041,314,522877,233008,39.3,2.0,16867,400,1548729,224477,7.6,1.9,49959,2505,2113487,1457028,44.2,1.8,68177
"2002M06",2876,3510000,1538521,26.7,1.9,117000,583,814980,555124,44.0,1.8,27166,1596,719400,595597,43.0,1.8,23980,305,500040,197527,35.4,2.1,16668,392,1475580,190274,6.4,2.1,49186,2484,2034420,1348248,41.5,1.8,67814
"2002M07",2867,3627124,1926479,30.6,2.0,117004,583,850702,712314,50.8,2.0,27442,1590,743256,760213,49.3,1.9,23976,309,536176,234891,39.0,2.2,17296,385,1496990,219062,6.8,2.1,48290,2482,2130134,1707418,47.3,2.0,68714
"2002M08",2862,3634967,1828564,29.8,2.0,117257,581,855507,708186,51.1,2.0,27597,1590,744961,690079,46.5,1.9,24031,306,533014,226012,37.6,2.2,17194,385,1501485,204286,6.7,2.3,48435,2477,2133482,1624278,46.1,2.0,68822
"2002M09",2895,3554250,1930539,31.7,1.9,118475,578,829110,691292,51.4,1.9,27637,1608,724920,747631,50.8,1.8,24164,314,519090,230676,40.1,2.1,17303,395,1481130,260939,8.3,1.9,49371,2500,2073120,1669600,48.3,1.9,69104
"2002M10",2926,3706949,2205203,35.0,1.9,119579,581,860653,806307,58.9,1.9,27763,1618,752184,812395,53.9,1.8,24264,319,549134,255140,42.1,2.0,17714,408,1544978,331361,9.9,1.9,49838,2518,2161971,1873842,52.9,1.9,69741
"2002M11",2937,3678480,2458811,39.9,1.8,122616,585,836610,914597,67.8,1.8,27887,1624,729180,852759,59.9,1.8,24306,315,529950,316455,53.8,2.0,17665,413,1582740,375000,11.2,1.7,52758,2524,2095740,2083811,61.5,1.8,69858
"2002M12",2952,3849146,2925272,40.3,1.9,124166,582,861118,821032,54.9,1.8,27778,1633,753765,887777,53.8,1.8,24315,317,556078,346687,56.8,1.9,17938,420,1678185,869776,21.2,2.3,54135,2532,2170961,2055495,55.0,1.8,70031
"2003M01",2966,3857516,3884101,48.8,2.1,124436,585,864528,901700,58.9,1.8,27888,1641,757764,1135828,64.1,1.9,24444,321,560542,388199,62.4,1.9,18082,419,1674682,1458375,32.2,2.9,54022,2547,2182834,2425726,61.6,1.8,70414
"2003M02",2968,3489584,3013612,48.8,1.8,124628,586,785428,947806,72.1,1.8,28051,1643,687960,1002241,71.2,1.8,24570,321,507136,366180,64.2,1.9,18112,418,1509060,697385,21.3,1.9,53895,2550,1980524,2316227,69.8,1.8,70733
"2003M03",2967,3854044,2898116,44.0,1.8,124324,586,868527,933914,66.1,1.8,28017,1643,765855,1011819,65.9,1.8,24705,323,565936,377025,60.3,1.9,18256,415,1653726,575358,16.6,1.8,53346,2552,2200318,2322758,64.5,1.8,70978
"2003M04",2923,3600360,2550460,39.6,1.9,120012,577,836940,760451,54.1,1.9,27898,1622,733320,927964,59.4,1.8,24444,317,535170,331244,56.4,2.0,17839,407,1494930,530801,15.7,1.9,49831,2516,2105430,2019659,56.5,1.9,70181
"2003M05",2862,3647429,1721910,29.4,1.8,117659,566,861552,588486,44.4,1.8,27792,1602,755966,643322,45.3,1.8,24386,311,551211,244768,41.3,2.0,17781,383,1478700,245334,8.2,1.8,47700,2479,2168729,1476576,43.9,1.8,69959
"2003M06",2839,3494610,1474648,26.6,1.9,116487,565,832680,524467,41.4,1.9,27756,1599,729180,567575,41.6,1.8,24306,298,517890,208134,37.1,2.1,17263,377,1414860,174472,6.3,1.9,47162,2462,2079750,1300176,40.4,1.9,69325
"2003M07",2854,3634781,1976968,31.3,1.9,117251,566,859661,697659,49.1,1.9,27731,1608,758787,796770,50.0,1.9,24477,303,556884,256928,41.5,2.0,17964,377,1459449,225611,7.3,1.9,47079,2477,2175332,1751357,47.5,1.9,70172
"2003M08",2866,3644825,1831178,29.9,2.0,117575,569,865489,688876,49.6,1.9,27919,1615,760244,712885,46.8,1.9,24524,304,557070,228982,37.0,2.1,17970,378,1462022,200435,6.7,1.9,47162,2488,2182803,1630744,45.4,2.0,70413
"2003M09",2893,3569640,2025337,32.8,1.9,118988,568,832860,714175,52.7,1.9,27762,1622,740850,796162,52.5,1.8,24695,317,548790,243510,40.2,2.1,18293,386,1447140,271491,8.3,1.8,48238,2507,2122500,1753846,49.4,1.9,70750
"2003M10",2934,3718419,2224164,35.2,1.8,119949,566,862048,779987,56.1,1.8,27808,1646,773946,827999,53.8,1.8,24966,327,573314,277163,44.1,2.0,18494,395,1509111,339016,10.2,1.8,48681,2539,2209308,1885148,52.2,1.8,71268
"2003M11",2935,3710310,2476688,40.0,1.8,123677,563,834330,905587,67.6,1.8,27811,1639,743340,859598,59.6,1.7,24778,329,551430,333620,53.8,1.9,18381,404,1581210,377882,11.5,1.7,52707,2531,2129100,2098806,61.2,1.8,70970
"2003M12",2957,3876550,3085276,42.1,1.9,125050,566,863412,849915,56.6,1.8,27852,1647,773574,967238,56.6,1.8,24954,338,583947,373491,57.1,1.9,18837,406,1655617,894632,22.6,2.1,53407,2551,2220933,2190645,56.7,1.8,71643
"2004M01",2945,3914215,4098508,50.4,2.2,126265,560,864249,932762,61.0,1.8,27879,1641,774411,1191247,66.3,1.9,24981,341,595324,417195,62.1,2.0,19204,403,1680231,1557304,33.6,3.0,54201,2542,2233984,2541204,63.1,1.9,72064
"2004M02",2947,3638543,3108697,48.9,1.8,125467,555,808984,956561,71.6,1.7,27896,1645,726740,1055378,71.7,1.8,25060,346,566776,409856,63.6,1.9,19544,401,1536043,686902,20.6,1.9,52967,2546,2102500,2421795,69.5,1.8,72500
"2004M03",2951,3902063,3002042,45.3,1.8,125873,553,867566,967066,69.4,1.8,27986,1649,779929,1054455,68.7,1.8,25159,348,612281,404210,58.7,1.9,19751,401,1642287,576311,16.5,1.8,52977,2550,2259776,2425731,66.2,1.8,72896
"2004M04",2949,3775080,2657045,39.5,1.8,125836,551,842010,823577,58.5,1.8,28067,1650,755520,962703,60.3,1.7,25184,350,596220,356004,54.0,1.9,19874,398,1581330,514761,14.0,2.0,52711,2551,2193750,2142284,57.9,1.8,73125
"2004M05",2928,3784418,1791577,30.1,1.8,122078,554,869488,661346,49.9,1.8,28048,1642,778379,635300,45.0,1.7,25109,345,619628,260032,38.3,2.0,19988,387,1516923,234898,7.7,1.9,48933,2541,2267495,1556679,45.0,1.8,73145
"2004M06",2903,3636930,1693013,29.0,1.9,121231,552,841440,606561,46.5,1.8,28048,1630,752160,633330,45.0,1.8,25072,339,594360,244450,37.3,2.0,19812,382,1448970,208672,7.2,1.9,48299,2521,2187960,1484341,43.5,1.8,72932
"2004M07",2889,3754565,2091169,32.5,1.9,121115,547,864528,747636,53.1,2.0,27888,1623,775403,823201,51.0,1.8,25013,335,617520,277502,40.5,2.0,19920,384,1497114,242830,7.8,1.8,48294,2505,2257451,1848339,48.9,1.9,72821
"2004M08",2917,3777257,1914040,30.8,1.9,121847,556,876618,720955,52.3,1.9,28278,1637,784176,716938,46.9,1.9,25296,345,633888,258406,36.6,2.1,20448,379,1482575,217740,7.1,1.9,47825,2538,2294682,1696300,46.1,1.9,74022
"2004M09",2956,3781650,2164638,32.9,1.9,126055,556,850140,758630,54.9,1.9,28338,1652,763290,824991,52.7,1.8,25443,358,621060,268466,38.3,2.0,20702,390,1547160,312551,8.9,1.8,51572,2566,2234490,1852087,49.6,1.9,74483
"2004M10",3015,3969488,2286267,34.2,1.8,128048,558,879222,824762,58.8,1.8,28362,1672,797878,825948,52.8,1.8,25738,383,663338,286980,38.8,1.9,21398,402,1629050,348576,10.0,1.8,52550,2613,2340438,1937691,51.1,1.8,75498
"2004M11",3059,3875970,2612613,41.0,1.7,129199,562,854580,914908,68.1,1.7,28486,1692,781980,905757,61.1,1.7,26066,398,661140,361522,49.2,1.8,22038,407,1578270,430426,13.0,1.7,52609,2652,2297700,2182186,60.3,1.7,76590
"2004M12",3083,4054676,3126482,40.8,1.9,130796,564,886941,849811,55.8,1.7,28611,1702,804233,981882,55.8,1.8,25943,403,688572,402339,50.9,1.8,22212,414,1674930,892450,21.6,2.2,54030,2669,2379746,2234032,54.4,1.8,76766
"2005M01",3081,4061837,4280001,50.9,2.1,131027,575,903836,973649,59.6,1.8,29156,1687,789539,1236026,67.2,1.8,25469,405,697376,481429,61.0,1.9,22496,414,1671086,1588896,34.3,2.9,53906,2667,2390751,2691104,62.5,1.8,77121
"2005M02",3096,3674664,3150628,49.7,1.8,131238,577,819224,991494,73.9,1.7,29258,1700,717276,1063546,73.4,1.8,25617,407,636132,437933,61.3,1.8,22719,412,1502032,657655,20.4,1.9,53644,2684,2172632,2492973,70.0,1.7,77594
"2005M03",3108,4077988,3333049,46.4,1.8,131548,580,917290,1021222,66.7,1.8,29590,1702,799800,1140427,69.4,1.8,25800,413,712008,457879,56.8,1.8,22968,413,1648890,713520,19.5,1.9,53190,2695,2429098,2619528,64.7,1.8,78358
"2005M04",3100,3935850,2610879,38.1,1.8,131195,576,890280,840258,57.4,1.7,29676,1707,778650,930084,58.6,1.8,25955,413,688530,367719,47.0,1.9,22951,404,1578390,472818,13.3,1.8,52613,2696,2357460,2138061,54.7,1.8,78582
"2005M05",3081,3966977,1791539,29.0,1.8,127967,576,940199,668439,47.2,1.8,30329,1705,801350,627333,43.4,1.8,25850,404,702026,272138,35.3,1.9,22646,396,1523402,223629,7.3,1.8,49142,2685,2443575,1567910,42.5,1.8,78825
"2005M06",3058,3826860,1810133,29.6,1.9,127562,576,915000,654113,46.5,1.9,30500,1686,771270,662157,45.4,1.8,25709,402,678450,272165,36.6,1.9,22615,394,1462140,221698,7.3,1.9,48738,2664,2364720,1588435,43.3,1.8,78824
"2005M07",3052,3956809,2146289,31.6,1.9,127639,578,946926,777377,50.1,2.0,30546,1691,801009,822862,49.6,1.9,25839,398,721463,298236,36.5,2.0,23273,385,1487411,247814,7.8,1.9,47981,2667,2469398,1898475,46.0,1.9,79658
"2005M08",3059,3955910,1920391,29.7,1.9,127610,578,946926,716900,48.4,1.9,30546,1693,804543,718285,46.0,1.9,25953,406,727756,264853,33.3,2.1,23476,382,1476685,220353,7.0,1.9,47635,2677,2479225,1700037,43.2,1.9,79975
"2005M09",3104,3872430,2108206,32.1,1.9,129081,581,917970,751190,52.2,1.9,30599,1711,783510,793823,50.1,1.9,26117,419,717090,262317,33.1,2.0,23903,393,1453860,300876,9.2,1.8,48462,2711,2418570,1807330,45.9,1.9,80619
"2005M10",3147,4150466,2333921,33.3,1.8,133886,585,954645,805830,53.9,1.7,30795,1717,815641,857533,52.8,1.8,26311,439,752401,294978,35.0,1.9,24271,406,1627779,375579,10.6,1.8,52509,2741,2522687,1958342,47.9,1.8,81377
"2005M11",3168,4038120,2579173,39.1,1.7,134604,593,929010,940685,64.1,1.7,30967,1724,789750,866710,57.9,1.7,26325,440,731220,364674,44.6,1.9,24374,411,1588140,407104,12.6,1.7,52938,2757,2449980,2172069,56.3,1.8,81666
"2005M12",3194,4209645,3023292,38.8,1.9,135795,589,956815,830192,51.5,1.7,30865,1738,821748,936644,52.4,1.8,26508,447,754323,417303,49.7,1.9,24333,420,1676759,839152,19.9,2.2,54089,2774,2532886,2184140,51.3,1.8,81706
"2006M01",3195,4220092,4200158,48.8,2.1,136132,589,956877,944277,55.4,1.8,30867,1741,831513,1242380,64.6,1.9,26823,443,747813,486916,57.4,1.8,24123,422,1683889,1526584,33.3,3.0,54319,2773,2536203,2673574,59.0,1.8,81813
"2006M02",3199,3818556,3225892,48.7,1.8,136377,590,866628,1010973,71.2,1.7,30951,1739,741524,1076260,71.3,1.8,26483,447,686868,461937,59.1,1.8,24531,423,1523536,676721,20.2,1.9,54412,2776,2295020,2549170,67.6,1.8,81965
"2006M03",3198,4217147,3109626,44.1,1.8,136037,587,959605,993700,64.8,1.7,30955,1743,822988,1086406,67.0,1.8,26548,447,765762,468010,54.9,1.9,24702,421,1668792,561510,16.0,1.7,53832,2777,2548355,2548116,62.5,1.8,82205
"2006M04",3189,4075410,2710206,37.7,1.8,135847,586,932040,834475,53.5,1.7,31068,1740,796320,962256,56.8,1.8,26544,442,736920,386409,47.8,1.9,24564,421,1610130,527066,14.5,1.9,53671,2768,2465280,2183140,52.9,1.8,82176
"2006M05",3157,4057621,1820042,29.2,1.8,130891,586,959605,669285,47.1,1.8,30955,1731,821531,639322,43.4,1.8,26501,434,753982,277427,33.5,2.1,24322,406,1522503,234007,7.9,1.8,49113,2751,2535118,1586035,41.9,1.8,81778
"2006M06",3124,3871140,1687038,27.6,1.9,129038,582,912720,605237,44.5,1.8,30424,1723,792750,640932,42.7,1.8,26425,418,719010,252258,32.0,2.0,23967,401,1446660,188612,6.6,1.9,48222,2723,2424480,1498426,40.2,1.9,80816
"2006M07",3105,3984058,2059914,30.7,1.9,128518,579,944229,728982,47.8,2.0,30459,1720,820353,801692,47.6,1.9,26463,409,738017,289332,35.9,2.0,23807,397,1481459,239907,7.8,1.9,47789,2708,2502599,1820007,44.2,1.9,80729
"2006M08",3123,3992893,1981418,30.7,2.0,128803,580,944074,734676,50.1,1.9,30454,1735,827266,746423,46.6,2.0,26686,412,739877,278151,34.5,2.1,23867,396,1481676,222168,7.5,1.9,47796,2727,2511217,1759250,44.4,2.0,81007
"2006M09",3157,3898560,2173608,32.9,1.9,129952,580,927000,769166,52.3,1.9,30900,1753,806160,818443,50.3,1.8,26872,423,723240,279354,34.9,2.0,24108,401,1442160,306644,9.7,1.8,48072,2756,2456400,1866964,46.5,1.9,81880
"2006M10",3200,4169717,2442298,34.8,1.8,134507,582,969060,855509,55.5,1.8,31260,1767,841092,879823,52.7,1.8,27132,440,764739,320459,37.5,1.9,24669,411,1594826,386508,11.4,1.7,51446,2789,2574891,2055790,49.3,1.8,83061
"2006M11",3209,4036590,2696769,41.0,1.8,134553,583,940500,981174,65.7,1.7,31350,1770,815550,908716,58.8,1.8,27185,443,739020,391183,47.6,1.9,24634,413,1541520,415696,13.3,1.7,51384,2796,2495070,2281074,58.1,1.8,83169
"2006M12",3233,4204778,3161143,40.4,1.9,135638,584,972098,889938,52.8,1.8,31358,1780,846486,979476,53.3,1.8,27306,448,763282,428927,49.7,1.8,24622,421,1622912,862802,21.8,2.2,52352,2812,2581866,2298342,52.0,1.8,83286
"2007M01",3232,4210513,4299046,51.1,2.1,135823,583,976686,1006895,58.8,1.9,31506,1782,847168,1250076,64.9,1.9,27328,447,763158,507193,58.9,1.8,24618,420,1623501,1534882,35.7,2.9,52371,2812,2587012,2764164,60.8,1.9,83452
"2007M02",3239,3806152,3421441,51.6,1.8,135934,580,879228,1045481,72.2,1.8,31401,1791,772156,1134309,72.1,1.8,27577,448,697984,486009,60.9,1.9,24928,420,1456784,755642,23.8,1.9,52028,2819,2349368,2665799,68.8,1.8,83906
"2007M03",3241,4226261,3341487,46.9,1.8,136331,582,984312,1066374,67.3,1.8,31752,1791,857398,1150270,67.9,1.8,27658,450,777573,498409,57.2,1.9,25083,418,1606978,626434,18.2,1.8,51838,2823,2619283,2715053,64.5,1.8,84493
"2007M04",3235,4086030,2779018,38.5,1.8,136201,583,954600,855392,53.0,1.8,31820,1793,833550,959473,55.1,1.8,27785,445,752250,412265,49.1,1.9,25075,414,1545630,551888,15.6,1.9,51521,2821,2540400,2227130,52.5,1.8,84680
"2007M05",3207,4057745,1924430,30.8,1.8,130895,586,973276,683827,47.4,1.8,31396,1789,863009,684447,44.2,1.8,27839,434,763127,295061,35.5,2.0,24617,398,1458333,261096,9.3,1.8,47043,2809,2599412,1663335,42.8,1.8,83852
"2007M06",3168,3904410,1793885,28.8,1.9,130147,581,941640,631254,44.0,1.8,31388,1776,831810,672949,42.2,1.8,27727,416,724380,280090,35.2,2.0,24146,395,1406580,209592,7.4,1.9,46886,2773,2497830,1584293,40.9,1.9,83261
"2007M07",3162,4041408,2187006,31.7,2.0,130368,584,983041,782591,48.2,2.0,31711,1775,865582,825768,46.4,2.0,27922,414,749642,324452,38.6,2.2,24182,389,1443143,254195,8.1,2.0,46553,2773,2598265,1932811,44.9,2.0,83815
"2007M08",3185,4070920,2111197,31.4,2.0,131320,586,989489,771476,49.2,1.9,31919,1796,868496,795541,46.9,2.0,28016,415,759903,302532,35.5,2.1,24513,388,1453032,241647,8.0,1.9,46872,2797,2617888,1869549,44.5,2.0,84448
"2007M09",3214,3970650,2265177,33.4,1.9,132355,588,950520,787547,50.3,1.9,31684,1800,841620,839498,49.5,1.9,28054,431,746850,308916,37.3,2.1,24895,395,1431660,329216,10.6,1.8,47722,2819,2538990,1935962,46.2,1.9,84633
"2007M10",3259,4242691,2410869,33.7,1.8,136861,586,989458,848464,53.3,1.8,31918,1814,873332,867022,51.1,1.8,28172,450,784951,316483,35.7,2.0,25321,409,1594950,378899,11.0,1.8,51450,2850,2647741,2031969,47.4,1.9,85411
"2007M11",3286,4133250,2751525,40.5,1.8,137775,593,965250,1001551,65.1,1.8,32175,1824,847620,927606,57.6,1.8,28254,451,751200,392794,47.0,2.0,25040,418,1569180,429574,13.1,1.7,52306,2868,2564070,2321951,57.3,1.8,85469
"2007M12",3302,4299886,3187449,40.1,1.9,138706,593,996929,878364,50.7,1.8,32159,1833,877734,976087,51.6,1.8,28314,455,794933,438119,48.4,1.9,25643,421,1630290,894879,23.5,2.1,52590,2881,2669596,2292570,50.3,1.8,86116
"2008M01",3294,4309465,4398880,50.8,2.1,139015,589,999471,1047185,59.2,1.8,32241,1833,879222,1250175,62.6,1.9,28362,453,792236,493110,56.4,1.9,25556,419,1638536,1608410,36.7,2.6,52856,2875,2670929,2790470,59.5,1.9,86159
"2008M02",3303,4025809,3539384,50.8,1.8,138821,592,939194,1130794,72.0,1.8,32386,1840,822672,1147946,69.8,1.8,28368,456,751361,491042,58.1,1.9,25909,415,1512582,769601,23.6,1.9,52158,2888,2513227,2769782,67.1,1.8,86663
"2008M03",3309,4311232,3572365,47.6,1.8,139072,595,1011623,1113714,66.1,1.8,32633,1845,879780,1165924,65.6,1.8,28380,455,802714,518997,57.5,1.9,25894,414,1617115,773730,21.4,1.9,52165,2895,2694117,2798634,63.4,1.8,86907
"2008M04",3308,4179300,2682485,38.3,1.8,139310,593,982380,897020,56.9,1.8,32746,1847,854190,910198,54.6,1.8,28473,458,783660,420774,46.8,2.0,26122,410,1559070,454492,13.3,1.7,51969,2898,2620230,2227993,53.1,1.8,87341
"2008M05",3246,4160076,2016041,30.8,1.8,134196,577,1004307,751292,48.8,1.8,32397,1825,877176,687369,42.7,1.8,28296,447,793817,325634,37.0,2.0,25607,397,1484776,251747,8.4,1.8,47896,2849,2675300,1764295,43.3,1.8,86300
"2008M06",3226,4006620,1700129,27.5,1.9,133554,581,975690,647186,42.9,1.8,32523,1826,853650,580998,38.2,1.8,28455,424,747930,291118,35.2,2.1,24931,395,1429350,180827,6.6,2.0,47645,2831,2577270,1519302,39.1,1.9,85909
"2008M07",3216,4120985,2140034,31.3,2.0,132935,583,1010693,802025,49.3,2.0,32603,1826,883283,778573,44.3,2.0,28493,419,769017,322557,37.4,2.2,24807,388,1457992,236879,7.8,2.0,47032,2828,2662993,1903154,44.2,2.0,85903
"2008M08",3228,4146684,2028723,30.5,2.0,133764,585,1012894,802717,50.8,1.9,32674,1827,887654,712346,42.2,1.9,28634,428,784920,297811,33.8,2.2,25320,388,1461216,215849,7.6,1.9,47136,2840,2685468,1812874,43.0,2.0,86628
"2008M09",3258,4059960,2146081,32.1,1.9,135332,590,985740,785220,51.2,1.9,32858,1837,861480,761816,45.8,1.9,28716,431,756840,280362,33.3,2.2,25228,400,1455900,318683,10.3,1.9,48530,2858,2604060,1827398,44.2,2.0,86802
"2008M10",3306,4325399,2513443,34.4,1.9,139529,592,1019993,895332,54.7,1.9,32903,1849,896551,876773,49.7,1.8,28921,453,802621,322258,36.2,2.1,25891,412,1606234,419080,12.2,1.8,51814,2894,2719165,2094363,47.6,1.9,87715
"2008M11",3345,4243650,2638147,38.2,1.8,141455,596,992880,988248,62.0,1.9,33096,1861,871620,847376,52.0,1.8,29054,469,808080,385336,43.1,2.0,26936,419,1571070,417187,13.0,1.6,52369,2926,2672580,2220960,53.0,1.9,89086
"2008M12",3352,4415919,3104681,38.4,1.9,142449,593,1022256,875012,50.4,1.8,32976,1867,902906,913850,47.7,1.8,29126,472,843696,435708,46.2,1.9,27216,420,1647061,880111,21.8,2.2,53131,2932,2768858,2224570,48.3,1.8,89318
"2009M01",3356,4420414,4251159,48.3,2.2,142594,595,1022256,991562,54.5,1.9,32976,1871,905727,1187724,57.9,1.9,29217,468,840875,511298,54.7,1.9,27125,422,1651556,1560576,35.9,2.9,53276,2934,2768858,2690583,55.7,1.9,89318
"2009M02",3354,4002880,3276681,48.2,1.8,142960,589,921536,1026256,67.8,1.8,32912,1875,821044,1038160,63.6,1.8,29323,468,759388,485519,57.1,1.9,27121,422,1500912,726746,23.2,1.9,53604,2932,2501968,2549935,63.2,1.8,89356
"2009M03",3355,4441308,3199658,43.6,1.8,143268,592,1023310,1057353,63.7,1.9,33010,1873,911772,1043581,59.0,1.8,29412,472,851446,508281,54.6,2.0,27466,418,1654780,590443,17.0,1.7,53380,2937,2786528,2609215,59.4,1.9,89888
"2009M04",3347,4272390,2799424,37.8,1.9,142413,594,991800,881994,53.0,1.8,33060,1872,881460,907413,50.1,1.8,29382,468,812340,427345,48.1,1.9,27078,413,1586790,582672,16.1,1.9,52893,2934,2685600,2216752,50.6,1.9,89520
"2009M05",3283,4255494,2003442,30.0,1.8,137274,583,1013049,731764,46.3,1.9,32679,1852,907928,679266,40.4,1.8,29288,449,819361,327705,37.3,2.0,26431,399,1515156,264707,9.0,1.8,48876,2884,2740338,1738735,41.7,1.9,88398
"2009M06",3249,4093200,1618029,25.4,1.9,136440,584,981780,632317,41.4,1.9,32726,1843,877410,553732,34.7,1.8,29247,428,784200,264786,31.1,2.1,26140,394,1449810,167194,5.8,1.9,48327,2855,2643390,1450835,36.1,1.9,88113
"2009M07",3248,4233453,2211111,30.4,2.0,136563,583,1013576,864059,50.1,2.1,32696,1847,914655,782708,42.0,1.9,29505,428,813595,324791,35.8,2.1,26245,390,1491627,239553,7.1,1.9,48117,2858,2741826,1971558,43.1,2.0,88446
"2009M08",3248,4223316,2026212,29.1,2.0,136236,580,1010352,803580,48.9,2.0,32592,1854,917166,719961,40.6,1.9,29586,427,804791,282034,31.8,2.1,25961,387,1491007,220638,7.3,1.9,48097,2861,2732309,1805574,41.1,2.0,88139
"2009M09",3275,4149120,2210753,31.6,1.9,138304,584,987480,815281,50.7,1.9,32916,1859,897210,777914,43.8,1.9,29907,439,805350,296553,33.5,2.1,26845,393,1459080,321005,10.1,1.8,48636,2882,2690040,1889748,43.3,1.9,89668
"2009M10",3338,4429776,2524809,33.4,1.9,142896,591,1024581,913710,54.0,1.9,33051,1867,920855,864337,46.9,1.8,29705,466,856282,338213,36.1,2.0,27622,414,1628058,408548,11.4,1.8,52518,2924,2801718,2116261,46.2,1.9,90378
"2009M11",3345,4314270,2650414,37.8,1.8,143809,583,994050,965950,60.2,1.8,33135,1874,889590,841348,50.2,1.7,29653,473,845490,411724,44.5,1.9,28183,415,1585140,431392,13.2,1.7,52838,2930,2729130,2219021,52.1,1.8,90971
"2009M12",3348,4483499,3241970,39.6,1.9,144629,583,1033509,940951,52.6,1.9,33339,1877,922715,933210,47.1,1.8,29765,467,862885,459638,48.1,1.9,27835,421,1664390,908170,23.1,2.2,53690,2927,2819109,2333799,49.4,1.8,90939
"2010M01",3360,4513290,4438860,49.5,2.2,145590,594,1039368,1071179,57.4,1.9,33528,1875,923242,1217947,57.5,1.9,29782,469,869488,537761,56.3,1.8,28048,422,1681192,1611972,36.6,3.0,54232,2938,2832098,2826888,57.1,1.9,91358
"2010M02",3347,4068456,3326033,48.5,1.8,145302,590,940940,1090766,70.0,1.8,33605,1867,830032,1044435,63.9,1.8,29644,468,783524,485937,57.1,1.9,27983,422,1513960,704895,22.3,1.9,54070,2925,2554496,2621138,64.1,1.8,91232
"2010M03",3345,4499185,3273647,43.7,1.8,145135,593,1045475,1106396,65.5,1.8,33725,1866,920855,1056744,59.4,1.8,29705,465,858700,502840,52.5,2.0,27700,421,1674155,607666,17.0,1.8,54005,2924,2825030,2665980,59.5,1.8,91130
"2010M04",3325,4337130,2821076,37.3,1.9,144571,588,1007010,947293,55.4,1.9,33567,1855,890190,897710,49.9,1.8,29673,463,830280,405516,44.2,1.9,27676,419,1609650,570556,15.4,2.0,53655,2906,2727480,2250519,50.2,1.9,90916
"2010M05",3264,4345332,1881253,28.1,1.9,140172,584,1038004,754614,46.9,1.9,33484,1828,914779,605473,37.5,1.8,29509,445,836473,294159,32.6,2.0,26983,407,1556076,227006,7.6,1.9,50196,2857,2789256,1654246,39.5,1.9,89976
"2010M06",3204,4133700,1730886,26.9,1.9,137790,576,1002930,690738,44.3,1.9,33431,1810,880980,581494,36.7,1.8,29366,422,788790,268280,31.6,2.2,26293,396,1461000,190374,6.5,2.1,48700,2808,2672700,1540512,38.0,1.9,89090
"2010M07",3201,4284820,2215500,30.5,2.0,138220,578,1040329,897889,50.9,2.0,33559,1807,912733,765478,41.4,1.9,29443,425,826460,317615,34.9,2.2,26660,391,1505298,234519,7.3,2.0,48558,2810,2779522,1980981,43.0,2.0,89662
"2010M08",3207,4278434,2025246,29.1,2.0,138014,579,1038190,860282,50.8,2.0,33490,1811,915399,683993,39.5,2.0,29529,428,825065,273912,30.4,2.2,26615,389,1499780,207059,6.9,2.0,48380,2818,2778654,1818187,41.0,2.0,89634
"2010M09",3231,4159680,2183847,31.6,1.9,138656,578,1003440,863524,53.5,1.9,33448,1821,884910,757074,44.3,1.9,29497,434,798810,275214,31.4,2.1,26627,398,1472520,288036,9.2,1.9,49084,2833,2687160,1895812,43.9,1.9,89572
"2010M10",3293,4445741,2482187,33.4,1.9,143411,587,1039833,952661,56.1,1.9,33543,1839,918468,817432,45.9,1.8,29628,452,839077,319048,34.8,2.1,27067,415,1648363,393046,11.4,1.8,53173,2878,2797378,2089141,46.4,1.9,90238
"2010M11",3310,4331370,2702784,38.9,1.8,144379,587,1004100,1030592,64.2,1.8,33470,1841,895560,835850,50.8,1.8,29852,462,829080,413411,45.3,1.9,27636,420,1602630,422931,13.0,1.7,53421,2890,2728740,2279853,54.0,1.8,90958
"2010M12",3317,4489730,3165264,39.0,1.9,144830,586,1037012,968154,54.1,1.9,33452,1846,924172,888787,46.3,1.8,29812,461,856344,444234,46.5,1.9,27624,424,1672202,864089,21.6,2.2,53942,2893,2817528,2301175,49.2,1.9,90888
"2011M01",3324,4483933,4334874,48.9,2.1,144643,587,1033540,1109368,59.4,2.0,33340,1851,925257,1149163,56.7,1.9,29847,460,842394,539250,55.2,1.9,27174,426,1682742,1537092,35.2,2.8,54282,2898,2801191,2797781,57.2,1.9,90361
"2011M02",3313,4041072,3275448,47.8,1.9,144324,583,927724,1080736,69.4,1.8,33133,1846,833756,1034935,64.4,1.8,29777,459,759164,469943,55.8,1.9,27113,425,1520428,689834,21.5,1.9,54301,2888,2520644,2585614,63.6,1.8,90023
"2011M03",3259,4357732,3095870,42.6,1.9,140572,559,945438,989243,63.4,1.8,30498,1830,914779,1046221,60.5,1.9,29509,447,816695,461467,51.3,2.0,26345,423,1680820,598940,17.1,1.9,54220,2836,2676912,2496930,58.7,1.9,86352
"2011M04",3244,4199670,2715326,37.7,1.9,139989,558,911760,859520,56.2,1.9,30392,1824,882600,924218,52.9,1.8,29420,440,777810,395096,46.7,2.0,25927,422,1627500,536493,14.9,1.9,54250,2822,2572170,2178834,52.2,1.9,85739
"2011M05",3191,4186240,1898174,29.6,2.0,135040,552,938494,718935,49.9,1.9,30274,1810,898194,636399,41.4,1.9,28974,423,791399,281383,32.7,2.1,25529,406,1558153,261456,8.8,2.2,50263,2785,2628087,1636718,41.8,1.9,84777
"2011M06",3133,4006950,1736350,27.6,2.0,133565,544,898890,659110,46.4,2.0,29963,1786,860670,607570,40.5,1.9,28689,400,746190,246926,30.5,2.2,24873,403,1501200,222744,7.6,2.3,50040,2730,2505750,1513606,39.7,2.0,83525
"2011M07",3139,4171887,2259130,31.8,2.0,134577,553,955854,864557,53.7,2.0,30834,1786,899403,811522,45.6,2.0,29013,394,760244,303295,36.0,2.2,24524,406,1556386,279756,8.3,2.3,50206,2733,2615501,1979374,45.8,2.0,84371
"2011M08",3151,4182086,2195358,32.1,2.0,134906,553,950708,869684,56.0,2.0,30668,1793,900457,789209,46.9,2.0,29047,403,775372,289497,34.3,2.3,25012,402,1555549,246969,7.8,2.2,50179,2749,2626537,1948389,46.5,2.0,84727
"2011M09",3194,4146360,2189342,32.1,1.9,138212,564,931290,790421,52.2,2.0,31043,1804,868710,741762,46.6,1.9,28957,416,754050,310158,36.7,1.9,25135,410,1592310,347001,10.4,1.8,53077,2784,2554050,1842341,45.7,2.0,85135
"2011M10",3230,4329646,2445416,34.0,2.0,139666,571,969184,841818,54.1,2.0,31264,1809,903619,852888,49.4,1.9,29149,434,794964,337996,38.5,2.0,25644,416,1661879,412715,11.7,1.9,53609,2814,2667767,2032701,47.9,2.0,86057
"2011M11",3242,4212090,2662602,39.1,1.8,140403,575,942780,939772,62.9,1.8,31426,1812,870660,884557,56.1,1.8,29022,435,781020,384258,43.9,2.0,26034,420,1617630,454016,13.6,1.8,53921,2822,2594460,2208587,54.9,1.8,86482
"2011M12",3247,4372581,3208121,39.6,2.0,141051,570,976345,952530,54.6,1.9,31495,1816,901387,930366,49.7,1.8,29077,440,814153,420496,45.8,2.0,26263,421,1680696,904729,22.4,2.2,54216,2826,2691885,2303392,50.3,1.9,86835
"2012M01",3254,4385632,4151711,48.0,2.1,141472,575,982638,1025090,57.3,1.9,31698,1817,904518,1182769,58.9,1.9,29178,439,809906,476395,53.2,1.9,26126,423,1688570,1467457,34.2,2.7,54470,2831,2697062,2684254,56.6,1.9,87002
"2012M02",3245,4094829,3208886,46.5,1.9,141201,569,912253,995246,66.1,1.8,31457,1814,844074,1034086,63.8,1.8,29106,440,759626,453352,55.4,1.8,26194,422,1578876,726202,21.6,2.0,54444,2823,2515953,2482684,62.1,1.8,86757
"2012M03",3234,4368861,3071265,42.2,1.8,140931,565,972625,1032509,64.8,1.8,31375,1811,905014,1024432,59.6,1.8,29194,437,813781,448794,50.5,1.9,26251,421,1677441,565531,15.7,1.8,54111,2813,2691420,2505734,58.7,1.9,86820
"2012M04",3224,4222950,2658687,36.3,1.9,140765,563,938070,882656,54.4,1.9,31269,1806,871800,877539,50.5,1.8,29060,435,791550,374136,44.0,1.9,26385,420,1621530,524356,14.5,2.0,54051,2804,2601420,2134331,49.9,1.9,86714
"2012M05",3164,4200686,1892558,29.0,1.9,135506,548,959822,733786,49.2,1.9,30962,1792,895962,641410,41.6,1.9,28902,420,799366,265151,30.6,2.1,25786,404,1545536,252211,8.4,2.0,49856,2760,2655150,1640347,41.0,1.9,85650
"2012M06",3111,4040250,1808557,27.7,2.0,134675,542,930480,718132,48.0,2.0,31016,1765,859740,641113,40.6,1.9,28658,408,777690,237682,27.9,2.2,25923,396,1472340,211630,7.3,2.1,49078,2715,2567910,1596927,39.4,2.0,85597
"2012M07",3091,4139399,2108414,29.9,2.0,133529,540,960659,826774,50.8,2.0,30989,1772,891467,775163,44.1,2.0,28757,389,783711,263620,30.4,2.2,25281,390,1503562,242858,7.8,2.1,48502,2701,2635837,1865556,42.5,2.0,85027
"2012M08",3090,4144421,1992983,29.3,2.0,133691,541,962023,842229,53.5,2.0,31033,1769,889235,694525,42.2,2.0,28685,390,783153,239505,27.5,2.3,25263,390,1510010,216724,7.2,2.1,48710,2700,2634411,1776259,41.9,2.0,84981
"2012M09",3155,4063140,2111027,31.2,2.0,135438,551,941250,808807,52.3,1.9,31375,1789,869250,747578,45.7,2.0,28975,415,782160,261027,30.3,2.2,26072,400,1470480,293614,9.6,1.9,49016,2755,2592660,1817413,43.5,2.0,86422
"2012M10",3202,4316936,2527327,34.5,1.9,139256,558,983413,937224,56.5,1.9,31723,1803,901015,870009,50.5,1.9,29065,431,817532,316990,34.7,2.2,26372,410,1614976,403104,12.0,1.9,52096,2792,2701960,2124224,47.9,1.9,87160
"2012M11",3213,4198020,2629492,38.2,1.8,139934,555,944730,971666,62.5,1.8,31491,1804,871080,853073,53.2,1.8,29036,441,811980,376751,41.8,2.1,27066,413,1570230,428001,13.4,1.7,52341,2800,2627790,2201490,53.0,1.9,87593
"2012M12",3214,4359778,3277105,40.2,2.0,140638,557,977833,1006160,56.7,1.8,31543,1798,899031,955777,50.5,1.8,29001,442,841681,409530,43.6,2.0,27151,417,1641233,905639,22.9,2.3,52943,2797,2718545,2371466,50.6,1.9,87695
"2013M01",3229,4363994,4143444,48.1,2.2,140774,564,981243,1060425,58.8,1.9,31653,1802,901418,1163526,58.7,1.9,29078,445,843820,479402,49.6,2.0,27220,418,1637513,1440091,34.9,2.7,52823,2811,2726481,2703353,55.9,1.9,87951
"2013M02",3225,3932544,3257614,48.1,1.9,140448,560,881216,1054745,69.6,1.8,31472,1800,812476,1051819,66.0,1.8,29017,446,761460,458839,53.9,2.0,27195,419,1477392,692210,22.6,1.9,52764,2806,2455152,2565403,63.5,1.8,87684
"2013M03",3223,4351160,3398570,45.7,1.9,140360,559,975849,1109756,67.6,1.9,31479,1800,896520,1097284,62.7,1.9,28920,446,842580,479191,51.3,2.0,27180,418,1636211,712339,20.3,1.9,52781,2805,2714949,2686231,60.9,1.9,87579
"2013M04",3209,4199640,2625252,37.0,1.9,139988,557,942660,945683,59.0,1.9,31422,1800,867750,861303,51.3,1.8,28925,439,813510,371182,41.8,2.1,27117,413,1575720,447083,13.5,1.9,52524,2796,2623920,2178169,51.1,1.9,87464
"2013M05",3156,4218542,2043494,30.7,1.9,136082,548,963325,811394,52.3,1.9,31075,1785,895311,678251,43.3,1.8,28881,425,822802,297681,32.9,2.2,26542,398,1537104,256169,8.5,1.9,49584,2758,2681438,1787326,43.4,1.9,86498
"2013M06",3118,4059930,1854775,28.5,2.0,135331,541,930420,750686,49.0,2.0,31014,1772,863760,633253,40.9,1.9,28792,413,786210,255105,29.7,2.2,26207,392,1479540,215730,7.7,2.2,49318,2726,2580390,1639045,40.4,2.0,86013
"2013M07",3100,4151055,2277607,32.2,2.0,133905,541,960659,909673,54.6,2.0,30989,1772,893017,809287,46.7,2.0,28807,404,799273,302085,34.4,2.2,25783,383,1498106,256562,8.0,2.2,48326,2717,2652949,2021045,45.9,2.0,85579
"2013M08",3098,4152171,2137455,31.2,2.0,133941,544,964441,897254,55.1,2.0,31111,1770,894102,739917,44.7,2.0,28842,402,790593,271297,31.5,2.2,25503,382,1503035,228987,7.7,2.2,48485,2716,2649136,1908468,44.5,2.0,85456
"2013M09",3151,4072470,2214631,32.7,2.0,135749,556,947580,864563,55.4,1.9,31586,1785,866970,786964,48.1,2.0,28899,414,785250,276526,32.0,2.2,26175,396,1472670,286579,9.4,2.2,49089,2755,2599800,1928052,45.9,2.0,86660
"2013M10",3189,4339504,2565637,35.3,2.0,139984,562,985893,960727,58.3,1.9,31803,1789,896024,887005,51.9,1.8,28904,427,828382,335365,36.9,2.2,26722,411,1629205,382540,11.5,2.0,52555,2778,2710299,2183097,49.6,1.9,87429
"2013M11",3205,4232100,2804664,40.7,1.9,141070,564,959550,1040652,65.8,1.9,31985,1790,866520,897235,56.7,1.8,28884,438,824820,417888,46.3,2.1,27494,413,1581210,448888,13.8,1.8,52707,2792,2650890,2355776,56.7,1.9,88363
"2013M12",3228,4402682,3386505,41.8,2.0,142022,565,992403,1016472,57.4,1.9,32013,1796,896024,1002858,53.2,1.8,28904,445,864094,456035,47.2,2.0,27874,422,1650161,911140,23.5,2.3,53231,2806,2752521,2475365,52.8,1.9,88791
"2014M01",3218,4398342,4397814,50.3,2.2,141882,560,988621,1135831,62.0,2.0,31891,1793,895869,1249653,62.3,1.9,28899,444,866078,521342,54.1,2.0,27938,421,1647774,1490987,34.9,2.9,53154,2797,2750568,2906827,59.6,2.0,88728
"2014M02",3216,3973004,3514910,51.1,1.9,141893,561,893620,1145637,74.1,1.9,31915,1792,812364,1121754,69.6,1.8,29013,446,794864,494840,56.3,1.9,28388,417,1472156,752679,24.1,2.0,52577,2799,2500848,2762231,67.0,1.9,89316
"2014M03",3212,4401008,3304066,44.9,1.9,141968,559,992868,1122559,67.4,2.0,32028,1791,896272,1069694,62.2,1.8,28912,445,882074,499480,51.3,2.1,28454,417,1629794,612332,18.3,2.0,52574,2795,2771214,2691734,60.6,1.9,89394
"2014M04",3206,4250430,3016385,40.6,2.0,141681,561,961830,1026097,61.3,1.9,32061,1787,864930,982098,56.1,1.8,28831,442,849720,433327,46.3,2.2,28324,416,1573950,574863,16.3,2.2,52465,2790,2676480,2441522,54.9,1.9,89216
"2014M05",3146,4240273,2215676,32.8,2.0,136783,556,985893,878310,55.3,2.0,31803,1770,887561,726169,45.6,1.8,28631,423,851601,329544,34.7,2.4,27471,397,1515218,281654,9.7,2.2,48878,2749,2725055,1934023,45.7,2.0,87905
"2014M06",3103,4048800,1874710,29.3,2.1,134960,553,947460,769270,50.5,2.0,31582,1758,855900,606820,39.9,1.9,28530,405,801480,278735,31.7,2.4,26716,387,1443960,219886,7.8,2.6,48132,2716,2604840,1654825,41.2,2.0,86828
"2014M07",3080,4170585,2372883,33.3,2.1,134535,546,974733,956030,56.8,2.1,31443,1752,885546,824265,47.9,2.0,28566,396,825902,312694,33.8,2.4,26642,386,1484404,279894,9.0,2.6,47884,2694,2686181,2092989,46.8,2.1,86651
"2014M08",3053,4152140,2208922,32.3,2.1,133940,542,971230,939269,57.5,2.0,31330,1744,878509,729785,44.8,1.9,28339,382,814618,292145,32.2,2.4,26278,385,1487783,247724,8.6,2.4,47993,2668,2664357,1961198,45.6,2.0,85947
"2014M09",3103,4048830,2352829,34.8,2.1,134961,547,942600,935535,58.5,2.0,31420,1759,854010,792677,49.0,1.9,28467,405,798540,314828,35.8,2.5,26618,392,1453680,309788,10.5,2.3,48456,2711,2595150,2043041,48.4,2.1,86505
"2014M10",3170,4323074,2753305,37.6,2.0,139454,557,986792,1041532,62.1,1.9,31832,1779,887375,912705,53.2,1.9,28625,430,854360,374677,39.8,2.3,27560,404,1594547,424392,12.6,2.2,51437,2766,2728527,2328913,52.2,2.0,88017
"2014M11",3175,4211430,2971219,43.0,1.9,140381,550,955320,1118351,70.0,2.0,31844,1780,860280,936979,58.9,1.8,28676,436,846270,451233,48.0,2.1,28209,409,1549560,464657,14.7,2.0,51652,2766,2661870,2506562,59.4,1.9,88729
"2014M12",3186,4362847,3628236,45.0,2.0,140737,551,989582,1139041,63.3,1.9,31922,1785,891374,1048928,55.6,1.8,28754,435,875378,495681,50.2,2.2,28238,415,1606513,944586,25.1,2.5,51823,2771,2756334,2683650,56.7,1.9,88914
"2015M01",3185,4372178,4565950,52.6,2.2,141038,549,986606,1213928,66.6,2.0,31826,1788,893637,1255730,63.0,1.9,28827,432,875533,538012,54.2,2.1,28243,416,1616402,1558281,37.6,3.0,52142,2769,2755776,3007669,61.5,2.0,88896
"2015M02",3184,3951724,3704638,53.4,1.9,141133,547,889476,1201344,77.9,2.0,31767,1789,806512,1187558,73.1,1.8,28804,431,791868,500052,56.7,2.0,28281,417,1463868,815685,25.9,2.1,52281,2767,2487856,2888953,69.6,1.9,88852
"2015M03",3182,4368458,3551985,48.6,1.9,140918,550,986916,1197783,73.4,1.9,31836,1787,891746,1164173,67.6,1.8,28766,429,874417,518954,53.8,2.1,28207,416,1615379,671076,20.1,2.0,52109,2766,2753079,2880909,65.3,1.9,88809
"2015M04",3163,4221630,3124021,42.5,2.0,140721,547,952380,1088034,65.8,2.0,31746,1781,861180,1006399,57.7,1.8,28706,424,855930,437611,46.1,2.2,28531,411,1552140,591977,17.6,2.3,51738,2752,2669490,2532044,56.9,1.9,88983
"2015M05",3118,4244737,2338377,34.3,2.0,136927,541,987164,935741,58.2,1.9,31844,1773,886941,756049,46.9,1.8,28611,406,849648,339238,35.5,2.4,27408,398,1520984,307348,10.7,2.3,49064,2720,2723753,2031028,47.5,1.9,87863
"2015M06",3074,4082460,1933195,30.4,2.1,136082,539,961050,793966,52.0,2.0,32035,1752,851070,628395,42.4,1.9,28369,394,815010,291399,31.8,2.6,27167,389,1455330,219435,8.2,2.6,48511,2685,2627130,1713760,42.6,2.0,87571
"2015M07",3054,4193587,2467016,34.3,2.1,135277,536,985335,1002511,58.6,2.0,31785,1744,878292,847993,49.1,2.0,28332,388,833342,328116,34.8,2.6,26882,386,1496618,288396,9.5,2.6,48278,2668,2696969,2178620,48.1,2.1,86999
"2015M08",3053,4195602,2300740,33.2,2.1,135342,532,978143,969011,58.8,2.1,31553,1740,878540,767618,47.0,1.9,28340,389,837434,307180,32.1,2.6,27014,392,1501485,256931,8.9,2.5,48435,2661,2694117,2043809,46.6,2.1,86907
"2015M09",3132,4089180,2475619,36.0,2.1,136306,546,947700,984510,61.8,2.0,31590,1761,849060,836144,51.9,1.9,28302,417,828000,321449,34.6,2.5,27600,408,1464420,333516,10.8,2.4,48814,2724,2624760,2142103,50.0,2.0,87492
"2015M10",3169,4322981,2833487,38.7,2.0,139451,550,980840,1072634,65.0,1.9,31640,1772,878230,928148,54.4,1.8,28330,430,863753,388397,39.8,2.2,27863,417,1600158,444307,13.4,2.2,51618,2752,2722823,2389179,53.6,1.9,87833
"2015M11",3182,4209570,3106997,45.0,1.9,140319,551,950880,1162808,74.5,1.9,31696,1784,852690,984085,61.9,1.7,28423,429,858660,454844,47.6,2.1,28622,418,1547340,505260,16.1,2.0,51578,2764,2662230,2601737,61.8,1.9,88741
"2015M12",3175,4365854,3851869,47.3,2.0,140834,549,982049,1209611,68.3,1.9,31679,1777,880617,1101282,58.7,1.8,28407,430,898101,509125,49.7,2.1,28971,419,1605087,1031851,26.9,2.4,51777,2756,2760767,2820018,59.2,1.9,89057
"2016M01",3168,4370101,4843891,55.9,2.2,140971,547,984467,1333333,72.8,1.9,31757,1770,878881,1339970,68.3,1.9,28351,433,900147,585096,56.9,2.1,29037,418,1606606,1585492,38.2,2.9,51826,2750,2763495,3258399,66.2,1.9,89145
"2016M02",3165,4084273,3965513,55.0,1.9,140837,547,919648,1267550,80.3,1.9,31712,1770,823600,1247815,75.3,1.8,28400,430,834185,551435,57.1,2.0,28765,418,1506840,898712,27.4,2.1,51960,2747,2577433,3066800,71.2,1.8,88877
"2016M03",3143,4360584,3987842,52.0,1.9,140664,541,982111,1283987,76.8,1.9,31681,1760,879222,1232539,70.2,1.8,28362,425,885081,565819,55.9,2.0,28551,417,1614170,905496,24.9,2.1,52070,2726,2746414,3082346,67.9,1.9,88594
"2016M04",3136,4199400,3239579,44.3,1.9,139980,539,945570,1176720,71.9,1.9,31519,1755,849840,1050155,61.7,1.8,28328,426,851910,455756,47.0,2.3,28397,416,1552080,556948,16.6,2.2,51736,2720,2647320,2682631,60.6,1.9,88244
"2016M05",3103,4198919,2329676,34.8,2.0,135449,533,968130,962147,60.7,1.9,31230,1746,873425,719915,46.7,1.8,28175,416,847974,337804,35.7,2.4,27354,408,1509390,309810,10.9,2.4,48690,2695,2689529,2019866,48.3,1.9,86759
"2016M06",3059,4050570,2163171,32.9,2.0,135019,529,941190,881459,56.5,1.9,31373,1737,843240,699006,45.7,1.8,28108,397,817860,306916,33.2,2.3,27262,396,1448280,275790,9.9,2.7,48276,2663,2602290,1887381,45.7,1.9,86743
"2016M07",3038,4166369,2636046,36.3,2.1,134399,528,969494,1080210,62.4,2.1,31274,1723,869643,888240,51.1,1.9,28053,398,844068,340152,35.7,2.4,27228,389,1483164,327444,11.0,2.5,47844,2649,2683205,2308602,50.4,2.0,86555
"2016M08",3036,4163021,2449012,35.2,2.1,134291,531,976097,1027324,62.4,2.0,31487,1722,870325,833455,50.7,1.9,28075,393,838271,306157,32.0,2.5,27041,390,1478328,282077,9.9,2.6,47688,2646,2684693,2166935,49.1,2.0,86603
"2016M09",3060,4057740,2633664,38.2,2.0,135258,531,944040,1027905,64.2,1.9,31468,1722,839640,902462,55.1,1.9,27988,407,827730,333840,35.8,2.3,27591,400,1446330,369457,12.7,2.3,48211,2660,2611410,2264207,52.3,2.0,87047
"2016M10",3109,4280449,3004062,40.9,2.0,138079,536,977275,1136237,67.9,1.9,31525,1738,868341,997588,59.0,1.8,28011,421,861614,402188,40.5,2.4,27794,414,1573219,468049,14.4,2.2,50749,2695,2707230,2536013,56.3,1.9,87330
"2016M11",3105,4185810,3265113,47.0,1.9,139527,536,949320,1192202,75.8,1.8,31644,1733,843000,1061386,66.9,1.8,28100,424,859980,461411,47.7,2.2,28666,412,1533510,550113,17.8,2.0,51117,2693,2652300,2715000,63.9,1.9,88410
"2016M12",3089,4296383,3983330,49.2,2.0,138593,532,975601,1237791,69.2,1.8,31471,1730,870759,1156389,62.5,1.8,28089,413,873549,507624,50.3,2.0,28179,414,1576474,1081525,29.0,2.4,50854,2675,2719909,2901805,61.0,1.8,87739
"2017M01",3101,4332157,4899455,57.2,2.1,139747,534,980933,1310167,72.2,1.9,31643,1734,872216,1368206,70.3,1.8,28136,417,886910,593516,57.6,2.1,28610,416,1592098,1627566,40.5,2.9,51358,2685,2740059,3271889,66.9,1.9,88389
"2017M02",3102,3927224,3949127,57.0,1.9,140258,536,887404,1256915,81.2,1.8,31693,1733,791672,1220328,77.5,1.8,28274,415,799820,550634,59.4,2.0,28565,418,1448328,921250,29.6,2.2,51726,2684,2478896,3027877,73.0,1.9,88532
"2017M03",3096,4337923,3866041,53.0,1.9,139933,539,981274,1319617,80.5,1.8,31654,1727,873270,1218959,72.7,1.8,28170,415,884523,564612,56.7,2.0,28533,415,1598856,762854,23.5,2.1,51576,2681,2739067,3103187,70.3,1.9,88357
"2017M04",3099,4203330,3462094,46.4,2.0,140111,539,950970,1211447,73.2,1.9,31699,1729,848880,1098516,63.2,1.9,28296,418,857730,462266,47.3,2.2,28591,413,1545750,689866,20.2,2.3,51525,2686,2657580,2772228,61.6,1.9,88586
"2017M05",3042,4195416,2500827,37.0,2.0,135336,532,978391,1009132,63.5,1.9,31561,1710,871720,790712,51.7,1.8,28120,400,854267,346181,35.1,2.4,27557,400,1491038,354802,12.0,2.4,48098,2642,2704378,2146025,50.7,1.9,87238
"2017M06",3043,4051590,2309165,34.7,2.0,135053,532,941550,932894,59.8,1.9,31385,1713,843420,755356,49.0,1.9,28114,398,822600,314437,32.9,2.4,27420,400,1444020,306479,11.1,2.6,48134,2643,2607570,2002687,47.8,2.0,86919
"2017M07",2966,4132920,2673433,37.2,2.1,133320,529,979631,1097658,64.1,1.9,31601,1684,868837,909599,52.8,2.0,28027,365,810557,330329,35.4,2.4,26147,388,1473895,335847,11.0,2.6,47545,2578,2659025,2337586,51.6,2.0,85775
"2017M08",2954,4119373,2440597,35.6,2.0,132883,525,979786,1027233,62.8,1.9,31606,1686,878199,818685,50.6,2.0,28329,361,810526,305590,32.3,2.5,26146,382,1450862,289089,10.1,2.6,46802,2572,2668511,2151509,49.5,2.0,86081
"2017M09",2995,4016730,2669511,38.5,2.0,133891,530,947100,1070977,65.6,1.9,31570,1698,852000,889823,54.1,2.0,28400,375,789990,326488,35.9,2.3,26333,392,1427640,382224,12.7,2.5,47588,2603,2589090,2287287,52.8,2.0,86303
"2017M10",3040,4321276,3146797,42.1,2.0,139396,537,993891,1150362,68.2,1.8,32061,1705,883500,1043166,60.1,1.9,28500,396,861397,408316,41.0,2.2,27787,402,1582488,544953,16.3,2.3,51048,2638,2738788,2601844,57.0,1.9,88348
"2017M11",3053,4191480,3405683,48.6,1.9,139716,534,969600,1242438,77.2,1.8,32320,1707,844650,1079835,68.2,1.8,28155,404,850290,495239,50.0,2.1,28343,408,1526940,588171,18.8,2.1,50898,2645,2664540,2817512,65.6,1.9,88818
"2017M12",3070,4333490,4141700,50.4,2.0,139790,538,1004617,1303962,70.5,1.8,32407,1714,875471,1166005,62.1,1.9,28241,404,871379,512453,50.8,2.1,28109,414,1582023,1159280,31.1,2.5,51033,2656,2751467,2982420,61.6,1.9,88757
"2018M01",3067,4345239,4969120,58.7,2.2,140169,539,1022628,1388775,74.4,1.9,32988,1708,876122,1321337,69.6,1.9,28262,408,870666,579891,57.3,2.1,28086,412,1575823,1679117,43.2,3.0,50833,2655,2769416,3290003,67.5,1.9,89336
"2018M02",3067,3938564,4030944,57.5,1.9,140663,540,926324,1327592,81.8,1.8,33083,1712,797160,1235928,76.8,1.8,28470,405,786576,540872,59.1,1.9,28092,410,1428504,926552,30.0,2.1,51018,2657,2510060,3104392,73.1,1.8,89645
"2018M03",3063,4367032,4176455,54.7,1.9,140872,541,1029200,1397036,79.4,1.8,33200,1709,882136,1269177,73.4,1.8,28456,404,870449,559803,55.7,2.0,28079,409,1585247,950438,27.8,2.1,51137,2654,2781785,3226016,70.1,1.8,89735
"2018M04",3056,4205490,3430091,45.8,1.9,140183,536,993600,1231626,70.9,1.8,33120,1714,856380,1066454,62.0,1.8,28546,396,825300,447347,46.6,2.2,27510,410,1530210,684664,20.0,2.3,51007,2646,2675280,2745427,60.6,1.9,89176
"2018M05",3028,4229702,2541156,37.5,2.0,136442,532,1026782,1045838,63.4,1.9,33122,1709,882012,801086,51.9,1.9,28452,386,826119,333259,35.3,2.3,26649,401,1494789,360974,12.5,2.5,48219,2627,2734913,2180182,51.2,1.9,88223
"2018M06",2968,4042710,2267738,34.2,2.0,134757,527,991260,934722,57.8,1.8,33042,1688,847980,748991,48.2,1.9,28266,362,790680,284544,31.4,2.5,26356,391,1412790,299482,10.8,2.7,47093,2577,2629920,1968256,46.8,1.9,87664
"2018M07",2937,4140236,2677385,36.9,2.1,133556,526,1031866,1092547,60.5,2.0,33286,1681,875192,933010,53.7,2.0,28232,350,792453,305118,33.7,2.5,25563,380,1440725,346711,11.5,2.6,46475,2557,2699511,2330674,50.4,2.0,87081
"2018M08",2955,4174088,2524181,36.5,2.0,134648,534,1037880,1068787,62.6,1.8,33480,1682,877610,848372,52.1,2.0,28310,353,799924,294424,32.1,2.4,25804,386,1458674,312599,10.8,2.6,47054,2569,2715414,2211582,50.2,2.0,87594
"2018M09",3029,4180740,2747884,38.6,2.0,139358,537,1011360,1094219,64.7,1.9,33712,1708,857610,916580,55.3,2.0,28587,380,793200,331715,36.6,2.1,26440,404,1518570,405370,12.8,2.5,50619,2625,2662170,2342514,53.3,1.9,88739
"2018M10",3051,4363405,3268352,43.1,2.0,140755,540,1048389,1232395,69.0,1.9,33819,1707,890878,1048510,61.2,1.9,28738,394,849214,399668,40.6,2.2,27394,410,1574924,587779,17.1,2.3,50804,2641,2788481,2680573,57.8,1.9,89951
"2018M11",3061,4254690,3535107,49.3,1.9,141823,539,1014330,1300029,77.0,1.8,33811,1712,865140,1108936,68.1,1.8,28838,395,832800,495862,51.0,2.2,27760,415,1542420,630280,19.7,2.0,51414,2646,2712270,2904827,66.2,1.8,90409
"2018M12",3066,4406247,4198568,49.9,2.0,142137,541,1053132,1343454,69.6,1.8,33972,1710,893420,1184840,62.4,1.9,28820,400,865861,488807,48.2,2.1,27931,415,1593834,1181467,30.8,2.5,51414,2651,2812413,3017101,60.8,1.9,90723
"2019M01",3057,4408138,4967720,56.7,2.2,142198,540,1058402,1386816,71.6,1.8,34142,1710,895838,1332732,68.3,1.9,28898,392,852097,555372,54.9,2.2,27487,415,1601801,1692800,41.4,3.0,51671,2642,2806337,3274920,65.5,1.9,90527
"2019M02",3067,4008900,4015374,56.6,1.9,143175,544,962360,1339812,80.7,1.8,34370,1712,813512,1215591,75.0,1.8,29054,398,783860,515807,56.2,2.1,27995,413,1449168,944164,30.5,2.1,51756,2654,2559732,3071210,71.4,1.9,91419
"2019M03",3057,4433899,4008009,53.2,1.9,143029,542,1062835,1387506,78.7,1.8,34285,1706,899837,1232259,71.5,1.8,29027,396,866698,530928,53.9,2.1,27958,413,1604529,857316,25.7,2.1,51759,2644,2829370,3150693,68.8,1.9,91270
"2019M04",3043,4290060,3604648,46.6,2.0,143002,539,1024410,1263401,69.8,1.8,34147,1698,871050,1109045,62.4,1.8,29035,394,841920,450966,46.5,2.2,28064,412,1552680,781236,22.4,2.4,51756,2631,2737380,2823412,60.3,1.9,91246
"2019M05",2992,4298801,2563153,37.0,2.0,138671,532,1055023,1050622,61.9,1.8,34033,1682,895497,805797,50.5,1.8,28887,375,833001,323335,34.4,2.5,26871,403,1515280,383399,13.2,2.5,48880,2589,2783521,2179754,50.0,1.9,89791
"2019M06",2962,4121430,2297971,34.2,2.0,137381,531,1020330,953432,56.4,1.8,34011,1663,861960,748824,48.3,2.0,28732,374,807090,282190,31.0,2.4,26903,394,1432050,313525,11.7,2.8,47735,2568,2689380,1984446,46.1,2.0,89646
"2019M07",2954,4258160,2698818,37.1,2.1,137360,533,1052295,1095699,60.9,1.9,33945,1662,888429,912800,53.0,2.0,28659,364,820415,327275,34.8,2.6,26465,395,1497021,363044,12.1,2.7,48291,2559,2761139,2335774,50.6,2.0,89069
"2019M08",2953,4240955,2617226,37.2,2.0,136805,533,1054031,1110768,63.3,1.8,34001,1663,888274,869958,52.4,2.0,28654,364,819640,313409,33.4,2.4,26440,393,1479010,323092,11.5,2.6,47710,2560,2761945,2294135,50.9,2.0,89095
"2019M09",3007,4224570,2770756,39.0,2.0,140819,544,1030470,1106195,64.4,1.8,34349,1683,864360,928174,56.7,2.0,28812,376,816360,341544,36.1,2.4,27212,404,1513380,394843,13.1,2.6,50446,2603,2711190,2375913,53.4,2.0,90373
"Table information:"
"Units:"
"Number of establishments: Number, Magnitude = Units"
"Capacity (stay unit nights): Nights, Magnitude = Units"
"Number of guest nights: Number, Magnitude = Units"
"Occupancy rate (percent): Percent, Magnitude = Units"
"Average length of stay (nights): Number, Magnitude = Units"
"Capacity (stay units): StayUnit, Magnitude = Units"
""
"Footnotes:"
" "
"Symbols:"
".. figure not available"
"C: Confidential"
"E: Early Estimate"
"P: Provisional"
"R: Revised"
"S: Suppressed"
""
"Status flags are not displayed"
""
"Table reference: "
"ACS013AA"
""
"Last updated:"
"Number of establishments: 14 November 2019 10:45am"
"Capacity (stay unit nights): 14 November 2019 10:45am"
"Number of guest nights: 14 November 2019 10:45am"
"Occupancy rate (percent): 14 November 2019 10:45am"
"Average length of stay (nights): 14 November 2019 10:45am"
"Capacity (stay units): 14 November 2019 10:45am"
""
"Source: Statistics New Zealand"
"Contact: Information Centre"
"Telephone: 0508 525 525"
"Email:info@stats.govt.nz"
""
""
""
