"Occupancy Rate by Region (Monthly)","","","","","","","","","","","","","","","","","","","","","","","","","","","","","","","","","","","","","","","","","","","","",""
"","Northland","","","Auckland","","","Waikato","","","Bay of Plenty","","","Hawke's Bay, Gisborne","","","Taranaki, Manawatu, Wanganui","","","Wellington","","","Nelson, Marlborough, Tasman","","","Canterbury","","","West Coast","","","Otago","","","Southland","","","North Island","","","South Island","","","New Zealand","",""
" ","Occupancy rate","Occupancy rate excluding holiday parks","Capacity (stay units) excluding holiday parks","Occupancy rate","Occupancy rate excluding holiday parks","Capacity (stay units) excluding holiday parks","Occupancy rate","Occupancy rate excluding holiday parks","Capacity (stay units) excluding holiday parks","Occupancy rate","Occupancy rate excluding holiday parks","Capacity (stay units) excluding holiday parks","Occupancy rate","Occupancy rate excluding holiday parks","Capacity (stay units) excluding holiday parks","Occupancy rate","Occupancy rate excluding holiday parks","Capacity (stay units) excluding holiday parks","Occupancy rate","Occupancy rate excluding holiday parks","Capacity (stay units) excluding holiday parks","Occupancy rate","Occupancy rate excluding holiday parks","Capacity (stay units) excluding holiday parks","Occupancy rate","Occupancy rate excluding holiday parks","Capacity (stay units) excluding holiday parks","Occupancy rate","Occupancy rate excluding holiday parks","Capacity (stay units) excluding holiday parks","Occupancy rate","Occupancy rate excluding holiday parks","Capacity (stay units) excluding holiday parks","Occupancy rate","Occupancy rate excluding holiday parks","Capacity (stay units) excluding holiday parks","Occupancy rate","Occupancy rate excluding holiday parks","Capacity (stay units) excluding holiday parks","Occupancy rate","Occupancy rate excluding holiday parks","Capacity (stay units) excluding holiday parks","Occupancy rate","Occupancy rate excluding holiday parks","Capacity (stay units) excluding holiday parks"
"1996M07",15.77,31.29,2968,46.99,59.98,8486,20.91,42.48,4458,25.69,54.76,4067,21.11,43.14,1895,25.74,37.61,4487,45.74,57.42,4018,15.57,33.53,2554,30.60,46.94,7785,17.69,23.78,1922,28.69,48.08,5666,16.35,22.37,1802,"..","..",30379,"..","..",19729,27.63,45.99,50108
"1996M08",13.25,28.31,3092,48.09,62.42,8531,19.16,39.38,4518,21.79,45.14,4202,19.61,39.99,1935,22.66,33.84,4655,46.41,57.52,4091,15.59,32.48,2757,27.48,43.02,7985,17.19,22.69,2066,31.60,53.99,5830,16.05,23.38,1847,"..","..",31024,"..","..",20485,26.33,44.57,51509
"1996M09",15.43,32.95,3514,47.49,61.05,8628,21.34,43.08,4695,26.51,52.37,4455,22.83,43.09,1991,26.55,40.12,4776,47.44,59.31,4103,19.25,40.10,2775,32.07,49.29,7999,23.77,28.43,2122,30.16,53.23,5935,19.95,28.10,1825,"..","..",32162,"..","..",20656,28.70,47.94,52818
"1996M10",20.11,40.93,3262,49.31,63.17,8736,23.96,47.20,4517,28.01,56.72,4395,24.83,46.54,1984,27.20,40.51,4727,49.24,60.79,4082,20.82,43.27,2808,32.89,50.01,7983,30.68,36.49,2261,28.72,49.73,5908,25.78,35.59,1929,"..","..",31703,"..","..",20889,30.54,50.30,52592
"1996M11",22.21,45.44,3417,57.70,74.19,8783,26.27,53.01,4573,31.36,64.44,4380,26.09,47.61,1985,29.09,44.14,4685,55.92,69.46,4127,25.75,54.10,2856,34.03,62.59,8113,37.12,46.93,2256,32.06,55.19,6070,34.07,45.38,2022,"..","..",31950,"..","..",21317,34.20,58.47,53267
"1996M12",27.22,46.65,3442,50.32,60.86,8780,28.06,47.28,4587,33.35,57.75,4394,30.06,43.88,2010,24.16,32.55,4629,45.07,55.56,4103,33.45,53.06,3000,32.77,52.74,8155,34.58,41.62,2262,34.50,53.10,6086,36.92,45.13,2027,"..","..",31945,"..","..",21530,34.02,51.06,53475
"1997M01",36.93,57.39,3477,55.56,64.87,8800,38.58,53.23,4591,47.35,65.34,4401,42.97,56.15,2065,28.72,35.76,4674,46.25,55.02,4142,49.20,65.31,3051,38.37,56.96,8185,44.80,53.38,2279,41.43,54.24,6146,42.32,48.56,2033,"..","..",32150,"..","..",21694,42.43,56.32,53844
"1997M02",29.12,56.26,3536,62.34,75.44,9272,31.54,57.26,4628,37.90,68.29,4425,37.04,58.66,2069,31.03,44.35,4705,58.62,74.19,4122,40.34,69.05,3080,40.12,70.75,8190,46.78,57.31,2299,44.01,69.26,6168,49.47,58.95,2031,"..","..",32757,"..","..",21768,41.52,65.51,54525
"1997M03",24.79,48.91,3520,59.24,71.55,9281,30.62,56.73,4624,35.53,65.17,4574,32.25,53.03,2082,29.13,41.74,4700,52.23,66.00,4137,33.69,60.91,3081,34.15,58.84,8214,41.95,51.44,2279,39.41,62.04,6138,43.23,52.61,2031,"..","..",32918,"..","..",21743,37.41,59.50,54661
"1997M04",18.97,40.24,3462,50.97,63.13,9237,23.43,45.60,4621,29.02,55.18,4576,28.06,48.88,2104,26.20,38.25,4697,47.74,61.80,4144,25.32,49.43,3054,28.23,50.96,8253,31.52,40.00,2244,31.33,51.82,6120,28.93,37.10,2024,"..","..",32841,"..","..",21695,30.59,50.93,54536
"1997M05",14.24,31.68,3366,45.12,56.37,9222,18.55,37.83,4605,23.08,44.68,4561,21.15,38.89,2082,23.31,33.73,4626,42.47,55.00,4122,17.70,35.35,2964,25.73,39.95,8227,19.20,24.83,2217,20.42,36.02,6208,19.26,26.31,1959,"..","..",32584,"..","..",21575,24.72,41.21,54159
"1997M06",11.59,25.74,3329,40.71,51.10,9185,17.54,36.38,4598,20.24,40.19,4498,19.23,37.25,2098,20.44,30.09,4581,39.18,50.19,4162,15.72,31.92,2858,21.95,33.78,8322,14.74,19.59,2206,17.64,31.21,6113,14.09,21.93,1773,"..","..",32451,"..","..",21272,21.76,36.73,53723
"1997M07",14.18,31.87,3178,44.24,54.62,9147,20.52,42.60,4514,24.55,47.77,4470,20.15,37.46,2041,26.08,36.78,4731,41.67,52.40,4115,17.01,36.21,2746,27.27,42.34,8197,15.56,20.89,2194,24.82,43.21,6112,14.94,24.39,1741,"..","..",32196,"..","..",20990,25.59,42.71,53186
"1997M08",12.95,28.10,3178,46.97,58.44,9011,18.61,37.42,4587,21.99,41.63,4656,19.35,36.73,2047,24.89,36.16,4816,40.53,51.15,4106,17.38,35.42,2799,26.46,40.64,8291,15.42,20.37,2195,31.90,52.39,6343,15.13,24.13,1741,"..","..",32401,"..","..",21369,25.88,42.70,53770
"1997M09",14.53,30.93,3261,42.73,53.35,9260,19.63,39.18,4670,24.07,44.36,4824,21.16,39.82,2064,25.38,37.64,4853,42.83,55.60,4095,18.38,37.44,2891,27.83,42.14,8369,21.09,24.84,2207,28.23,45.36,6336,16.98,25.22,1921,"..","..",33027,"..","..",21724,26.20,42.67,54751
"1997M10",18.66,37.50,3390,46.69,58.62,9382,24.21,46.35,4698,29.46,54.11,4846,26.27,46.83,2100,28.36,41.72,4892,46.69,60.19,4088,21.49,41.91,3010,28.34,48.73,8636,27.15,31.64,2332,28.81,46.00,6467,25.59,36.86,1991,"..","..",33396,"..","..",22436,29.57,48.31,55832
"1997M11",20.74,42.00,3390,50.59,64.00,9500,23.72,44.70,4787,30.78,58.02,4912,25.99,46.91,2085,26.24,38.98,4664,51.42,65.36,4110,25.47,50.70,3052,31.51,57.05,8697,33.09,41.09,2363,33.07,53.56,6695,31.40,43.73,2105,"..","..",33448,"..","..",22912,32.01,53.16,56360
"1997M12",28.39,42.97,3413,44.90,53.09,9703,29.64,44.31,4726,32.16,47.46,4906,29.40,45.26,2034,22.69,30.05,4632,42.06,51.06,4055,34.09,52.47,3031,31.63,50.03,8665,34.37,37.44,2359,33.73,49.33,6670,32.72,41.35,2103,"..","..",33469,"..","..",22828,33.04,46.88,56297
"1998M01",40.34,59.60,3423,48.71,57.26,9696,40.08,52.13,4761,46.84,55.13,4927,42.39,58.05,2070,28.75,33.06,4657,44.38,52.21,4065,50.46,65.99,3062,37.00,54.88,8765,43.24,48.26,2331,42.56,51.10,6757,41.18,50.25,2106,"..","..",33599,"..","..",23021,41.96,53.20,56620
"1998M02",28.34,55.69,3412,57.34,70.05,9911,33.14,57.43,4758,39.24,62.08,4929,36.26,60.02,2068,29.76,41.63,4539,58.44,73.52,4088,41.58,69.09,3103,39.11,66.78,8594,46.37,55.97,2352,41.25,62.59,6745,46.44,59.20,2112,"..","..",33705,"..","..",22906,40.72,62.61,56611
"1998M03",23.04,48.32,3468,53.50,65.19,9845,28.47,53.09,4791,30.14,51.38,4985,30.59,52.66,2164,27.74,40.40,4493,58.22,74.16,4102,33.41,59.20,3144,31.99,56.75,8828,38.52,48.72,2345,36.07,55.90,6784,33.96,50.18,2112,"..","..",33848,"..","..",23213,34.90,56.19,57061
"1998M04",22.17,42.93,3479,47.81,58.09,9804,26.77,47.92,4771,30.13,49.82,4973,28.71,47.73,2189,26.29,36.63,4605,51.41,65.10,4116,28.28,50.27,3114,28.61,49.45,8862,32.88,38.57,2298,34.65,50.89,6839,28.67,39.79,2042,"..","..",33937,"..","..",23155,31.96,49.90,57092
"1998M05",14.00,30.07,3514,42.53,52.15,9742,19.94,38.20,4882,22.21,40.71,4933,20.37,37.16,2202,21.65,31.49,4653,47.69,61.49,4124,18.55,35.23,3058,23.39,34.77,8932,20.21,26.38,2420,21.14,33.11,6942,18.49,27.39,2061,"..","..",34050,"..","..",23413,24.42,39.18,57463
"1998M06",11.03,25.51,3455,39.37,48.13,9872,18.63,36.91,4810,19.97,37.53,4967,16.92,31.35,2193,19.34,27.94,4769,41.60,53.08,4124,15.40,29.48,2975,19.79,29.72,9070,14.55,18.78,2368,17.28,27.62,6950,12.71,19.48,1977,"..","..",34190,"..","..",23340,21.24,34.42,57530
"1998M07",11.61,26.50,3361,42.53,50.93,10242,19.80,39.63,4749,23.45,43.25,5049,19.28,34.49,2165,20.87,29.35,4721,50.66,63.04,4175,17.72,34.65,2899,24.85,37.59,9072,16.99,21.56,2388,27.36,43.50,6977,13.18,20.60,1851,"..","..",34462,"..","..",23187,25.15,40.39,57649
"1998M08",10.92,25.27,3570,39.27,48.35,10321,18.24,36.41,4794,20.67,38.21,5071,19.64,34.60,2174,20.58,28.19,5009,44.33,56.35,4196,15.78,30.05,2958,24.87,38.18,9191,16.68,21.52,2514,32.58,51.93,7101,14.46,22.46,1910,"..","..",35135,"..","..",23674,24.36,39.38,58809
"1998M09",12.54,28.59,3561,39.88,48.60,10644,21.36,41.44,4824,23.68,42.57,5091,22.14,38.19,2165,22.65,32.32,5033,49.00,61.37,4188,18.15,34.06,3126,26.28,39.30,9212,21.81,26.84,2501,30.19,47.12,7204,17.66,26.12,2061,"..","..",35506,"..","..",24104,26.11,41.39,59610
"1998M10",17.05,37.04,3589,45.31,55.56,10665,24.26,45.66,4895,28.37,49.58,5146,28.29,48.71,2170,24.55,34.16,5021,52.85,66.39,4198,21.71,41.31,3161,28.21,49.50,9186,29.83,36.22,2630,28.08,44.23,7214,22.77,33.97,2063,"..","..",35684,"..","..",24254,29.33,47.21,59938
"1998M11",20.17,44.79,3576,51.31,63.10,10896,24.11,46.34,4918,28.86,52.16,5095,26.61,47.39,2152,24.61,35.13,4861,54.26,68.64,4198,26.30,50.24,3234,31.38,56.05,9041,35.52,43.29,2649,33.81,53.47,7384,31.40,45.00,2151,"..","..",35696,"..","..",24459,32.37,52.83,60155
"1998M12",27.18,47.31,3634,42.72,51.06,11001,30.36,44.30,4948,31.86,46.54,5141,29.03,45.76,2152,21.59,27.34,4848,46.08,56.45,4152,35.54,51.55,3265,30.12,48.19,9093,37.39,42.16,2655,34.49,49.85,7397,30.83,40.52,2153,"..","..",35876,"..","..",24563,32.95,46.85,60439
"1999M01",36.65,56.46,3606,47.85,52.98,10941,42.32,54.63,5002,47.85,57.13,5174,42.43,57.60,2185,28.36,31.57,4564,49.56,59.00,4152,54.57,66.52,3274,37.36,55.48,9051,48.66,50.04,2651,50.85,55.36,7274,40.92,49.67,2183,"..","..",35624,"..","..",24433,43.75,53.79,60057
"1999M02",26.26,54.99,3598,56.41,67.09,11163,32.49,57.24,5025,36.12,59.10,5170,35.93,60.26,2188,29.99,40.87,4558,59.12,73.65,4213,42.66,69.68,3375,38.99,67.92,9145,49.99,58.25,2658,44.82,67.07,7358,49.61,63.59,2193,"..","..",35915,"..","..",24729,40.97,62.87,60644
"1999M03",22.86,49.94,3604,53.93,64.47,11224,31.26,58.10,5008,31.03,54.40,5213,31.44,55.76,2168,28.25,39.93,4659,57.68,72.47,4195,35.35,61.25,3362,33.32,58.48,9150,40.71,49.80,2636,38.12,58.70,7368,41.35,55.79,2203,"..","..",36071,"..","..",24719,36.53,57.85,60790
"1999M04",20.42,42.69,3597,44.16,53.45,11405,26.94,50.06,4949,34.21,58.72,5147,30.52,52.77,2135,27.31,38.67,4668,54.16,67.31,4211,28.60,49.28,3281,30.76,50.95,9168,33.89,40.74,2514,33.77,51.37,7294,31.00,41.70,2110,"..","..",36112,"..","..",24367,32.78,50.99,60479
"1999M05",12.59,28.69,3566,39.34,48.62,11383,19.52,38.21,5015,23.06,43.48,5210,20.35,36.87,2184,20.74,31.21,4540,47.96,60.25,4290,18.60,33.08,3257,25.18,37.67,9181,19.47,24.83,2508,20.97,33.74,7290,19.16,27.78,2115,"..","..",36188,"..","..",24351,24.46,39.24,60539
"1999M06",11.64,26.95,3516,37.70,46.53,11303,21.31,42.33,5038,22.42,41.10,5229,21.51,38.47,2184,23.06,34.19,4555,48.92,61.61,4292,17.99,34.38,3191,24.63,36.78,9138,18.03,23.05,2541,19.21,31.06,7245,16.25,24.17,1988,"..","..",36117,"..","..",24103,24.05,38.70,60220
"1999M07",11.46,25.94,3505,42.08,51.83,11533,20.31,40.38,5037,23.83,44.47,5279,21.04,37.91,2209,21.76,31.96,4858,49.50,62.90,4292,15.81,30.67,3141,24.97,38.82,9237,17.51,23.14,2535,31.41,50.04,7215,16.42,22.86,1971,"..","..",36713,"..","..",24099,25.98,42.02,60812
"1999M08",11.92,26.87,3543,40.16,49.38,11729,18.84,37.16,5071,22.03,40.58,5229,19.79,36.16,2209,23.90,35.30,4940,46.63,59.76,4151,15.71,29.58,3234,27.78,42.90,9354,16.24,21.05,2549,35.40,56.07,7218,16.81,23.73,1958,"..","..",36872,"..","..",24313,26.20,42.15,61185
"1999M09",15.70,33.50,3559,47.26,57.78,12048,22.90,43.07,5163,26.78,46.98,5225,23.25,39.68,2216,28.94,42.50,5027,51.88,65.50,4347,20.87,38.41,3229,32.73,49.76,9322,24.97,29.46,2547,34.01,53.60,7306,21.82,27.97,2084,"..","..",37585,"..","..",24488,30.69,48.05,62073
"1999M10",18.75,38.60,3624,46.07,56.04,11989,24.37,44.75,5228,28.87,50.72,5284,25.80,44.16,2220,23.60,34.16,4965,49.01,60.99,4340,21.53,39.44,3242,29.28,52.14,9289,28.79,36.17,2574,29.54,45.66,7337,26.04,35.31,1984,"..","..",37650,"..","..",24426,29.92,47.62,62076
"1999M11",21.74,46.20,3616,57.28,70.38,11989,26.67,49.12,5195,31.80,58.69,5298,27.23,48.89,2237,24.05,35.70,4849,54.58,67.97,4362,28.90,54.08,3260,33.69,62.04,9099,37.96,48.69,2632,36.73,60.64,7276,34.45,46.96,2145,"..","..",37546,"..","..",24412,35.18,57.57,61958
"1999M12",27.66,46.09,3645,48.31,57.68,11824,31.16,45.56,5418,33.38,47.67,5378,28.34,43.79,2254,20.79,27.02,4903,45.96,54.93,4410,34.73,50.17,3287,29.70,48.68,9146,36.28,41.57,2670,34.82,52.09,7378,30.93,38.45,2154,"..","..",37832,"..","..",24635,33.83,48.26,62467
"2000M01",37.95,57.18,3670,53.45,60.34,12341,43.08,54.33,5795,49.60,59.65,5367,40.72,54.77,2288,28.35,32.72,4909,50.82,58.82,4432,54.81,67.32,3332,36.26,56.19,9259,50.06,52.26,2712,45.94,55.51,7417,39.38,46.60,2237,"..","..",38802,"..","..",24957,44.12,55.50,63759
"2000M02",27.29,56.19,3657,61.24,74.70,12373,34.16,57.42,5766,36.80,62.07,5327,34.05,56.65,2321,26.81,37.97,4944,58.82,72.51,4414,43.73,71.05,3379,39.50,69.37,9453,52.85,63.08,2719,43.49,68.19,7783,47.29,60.87,2243,"..","..",38802,"..","..",25577,41.77,64.70,64379
"2000M03",25.25,51.75,3678,52.41,63.41,12299,30.05,52.73,5808,32.50,58.44,5308,30.32,51.65,2346,26.32,38.50,4879,60.78,75.34,4415,37.08,63.88,3421,34.47,59.90,9508,44.48,53.67,2719,36.76,57.59,7843,40.29,54.05,2253,"..","..",38733,"..","..",25744,36.89,57.94,64477
"2000M04",23.34,47.36,3685,46.26,55.89,12345,28.61,49.10,5805,32.27,56.60,5320,30.18,49.93,2380,25.24,37.28,4862,53.98,66.45,4415,31.29,54.06,3397,32.20,54.73,9516,39.76,47.79,2676,37.44,54.97,7843,34.20,45.39,2138,"..","..",38812,"..","..",25570,34.30,52.88,64382
"2000M05",13.96,31.21,3642,41.60,51.01,12272,18.99,35.15,5847,22.58,42.48,5299,19.68,35.63,2410,20.73,32.64,4756,43.82,55.04,4291,19.39,36.08,3325,26.30,40.30,9454,20.75,27.58,2502,22.55,37.46,7666,21.69,30.39,2097,"..","..",38517,"..","..",25044,25.05,40.41,63561
"2000M06",11.41,25.74,3776,39.48,48.77,12207,20.18,36.98,5888,22.21,41.40,5260,19.42,35.13,2393,20.88,31.64,4801,41.53,51.88,4404,17.99,33.67,3256,23.40,36.21,9527,17.77,24.10,2547,19.98,33.59,7739,16.70,24.31,2066,"..","..",38729,"..","..",25135,23.46,37.87,63864
"2000M07",10.63,24.08,3788,41.79,51.75,12237,21.36,39.16,5805,24.87,47.69,5261,19.98,35.84,2396,23.55,34.68,5235,44.38,54.94,4596,18.61,35.12,3190,27.62,42.97,9523,20.99,27.92,2584,34.09,52.59,7838,17.09,24.53,2066,"..","..",39318,"..","..",25201,26.95,43.07,64519
"2000M08",11.16,25.55,3790,40.11,49.92,12070,19.42,35.54,5869,22.88,43.78,5276,18.73,33.85,2396,25.11,37.25,5262,49.38,62.41,4474,18.46,34.87,3196,26.82,41.37,9603,19.81,26.06,2659,38.16,59.02,7955,17.85,26.14,2066,"..","..",39137,"..","..",25479,26.94,43.28,64616
"2000M09",13.55,29.31,3897,40.43,49.67,12074,22.66,40.17,5887,24.96,46.61,5296,21.94,38.57,2383,26.49,39.12,5197,47.96,58.98,4618,20.78,37.66,3255,28.92,43.67,9709,23.11,29.04,2659,35.17,51.44,7954,21.00,30.24,2127,"..","..",39352,"..","..",25704,28.27,44.00,65056
"2000M10",17.88,39.11,3925,46.73,57.33,12309,25.63,43.72,5913,27.77,49.93,5280,25.52,42.68,2366,24.12,36.02,5007,49.24,59.64,4647,23.89,42.26,3386,35.32,52.10,9676,31.12,36.51,2679,33.66,49.60,8094,26.25,36.61,2127,"..","..",39447,"..","..",25962,31.53,48.38,65409
"2000M11",21.82,45.24,3929,56.59,68.66,12392,28.29,47.62,5906,30.74,56.96,5294,27.88,48.76,2403,25.97,38.97,4825,58.06,71.02,4732,29.84,55.77,3442,34.86,62.29,9633,43.14,53.65,2766,40.80,61.90,8076,39.31,53.77,2249,"..","..",39481,"..","..",26166,36.53,58.10,65647
"2000M12",28.65,49.22,3917,49.93,57.43,12419,34.83,46.98,5945,35.34,54.69,5148,30.96,48.14,2415,23.16,30.65,4877,47.89,56.21,4703,39.35,55.32,3434,34.47,54.00,9682,44.11,50.19,2760,41.64,57.44,8103,37.78,47.77,2258,"..","..",39424,"..","..",26237,37.47,52.11,65661
"2001M01",37.42,57.71,3950,56.86,64.23,12480,44.84,54.81,5945,52.25,65.37,5312,44.94,62.92,2415,28.85,34.21,4834,52.52,60.41,4728,59.58,71.98,3507,40.67,61.35,9749,55.15,60.04,2847,54.41,67.08,8043,45.86,55.34,2269,"..","..",39664,"..","..",26415,47.71,60.42,66079
"2001M02",29.07,58.45,3951,60.67,73.24,12348,35.19,56.28,5975,39.70,67.24,5276,38.88,63.22,2402,28.86,41.69,4846,61.52,73.33,4794,48.20,74.29,3513,42.20,71.90,9621,56.84,66.39,2879,51.51,74.96,8051,53.09,67.29,2270,"..","..",39592,"..","..",26334,44.78,67.22,65926
"2001M03",24.60,50.38,3972,57.47,69.13,12450,34.37,56.68,6007,37.00,66.88,5280,34.02,57.80,2402,26.87,39.42,4878,60.93,74.38,4802,39.78,67.19,3524,38.60,66.70,9609,48.96,58.03,2884,44.43,66.32,8054,46.61,60.76,2270,"..","..",39791,"..","..",26341,40.79,62.90,66132
"2001M04",20.57,42.40,3972,47.42,56.98,12481,28.67,47.02,6021,34.29,61.35,5233,30.43,49.13,2466,25.66,37.53,4867,51.80,63.20,4821,32.49,54.21,3512,32.52,54.57,10003,37.30,44.28,2899,39.11,56.13,8005,33.85,45.46,2263,"..","..",39861,"..","..",26682,34.62,52.73,66543
"2001M05",13.43,30.00,3900,44.00,53.65,12667,20.01,35.41,5986,23.87,45.95,5238,20.93,37.36,2433,21.13,33.74,4686,45.24,56.59,4834,22.16,36.97,3469,28.06,42.71,9900,23.26,29.54,2906,27.78,42.48,8003,25.65,36.27,2174,"..","..",39744,"..","..",26452,27.15,42.71,66196
"2001M06",11.34,25.53,3746,40.43,49.24,12900,21.25,37.89,5906,23.95,45.48,5261,19.65,35.15,2468,21.64,33.68,4728,47.26,58.41,4834,19.99,34.67,3333,25.16,38.22,9909,18.71,24.23,2861,23.56,35.27,7981,16.92,24.83,2109,"..","..",39843,"..","..",26193,25.28,39.67,66036
"2001M07",11.38,25.82,3726,42.58,52.02,12910,22.52,40.48,5945,27.42,51.13,5348,21.80,38.19,2457,23.83,35.81,5180,48.64,60.21,4835,20.59,36.73,3369,29.52,45.22,10003,20.72,26.46,2886,37.62,56.89,8027,20.50,31.25,1939,"..","..",40401,"..","..",26224,28.87,45.36,66625
"2001M08",11.80,26.03,3969,43.65,53.07,13020,20.59,35.93,6043,23.66,45.16,5341,19.45,34.37,2530,25.87,38.59,5324,43.66,53.94,4959,20.95,37.49,3348,32.53,49.83,9909,19.77,25.50,2896,43.51,63.15,8017,19.94,30.14,1946,"..","..",41186,"..","..",26116,29.23,45.62,67302
"2001M09",13.38,30.00,3967,44.11,53.04,13020,23.27,40.52,6053,26.42,49.25,5388,24.23,41.38,2540,27.87,41.34,5233,49.81,60.91,4959,23.85,41.97,3362,32.74,49.64,9995,25.35,31.92,2898,37.17,53.51,8025,23.57,35.07,2011,"..","..",41160,"..","..",26291,30.48,47.05,67451
"2001M10",17.70,37.91,3961,49.25,58.90,13000,26.09,44.27,6002,29.76,54.17,5420,26.29,43.01,2605,25.31,36.85,5225,48.64,59.76,4932,25.85,45.00,3463,36.36,53.97,10044,34.10,39.22,2871,33.42,50.30,7998,31.51,46.45,2030,"..","..",41145,"..","..",26406,32.82,50.06,67551
"2001M11",21.71,44.51,4021,54.82,65.93,12901,28.46,47.98,5981,30.95,56.03,5447,28.16,46.59,2603,25.73,38.55,4962,57.10,69.74,4925,32.90,57.37,3516,35.17,61.04,10129,42.01,50.21,2878,38.17,57.33,8038,39.99,55.83,2175,"..","..",40840,"..","..",26736,36.24,56.60,67576
"2001M12",29.06,47.94,4030,49.73,57.02,13237,32.88,45.96,6008,36.42,53.63,5450,32.97,47.02,2596,24.17,32.00,4979,48.04,56.73,4905,41.01,58.53,3554,34.54,52.95,10332,41.75,48.48,2930,41.97,55.44,8084,41.22,52.13,2243,"..","..",41205,"..","..",27143,37.79,51.77,68348
"2002M01",40.77,58.52,4016,58.03,64.11,13187,42.73,54.68,6011,51.47,65.35,5456,47.26,60.47,2566,30.35,38.46,4710,53.17,61.57,5012,56.64,74.71,3533,41.05,60.95,10401,53.10,59.48,2937,55.53,66.19,8079,49.60,61.91,2255,"..","..",40958,"..","..",27205,48.11,60.99,68163
"2002M02",30.75,57.91,4001,63.01,74.95,13149,36.70,58.71,6102,41.07,67.03,5517,42.12,65.32,2534,31.28,45.69,4697,63.90,76.33,5177,50.94,78.35,3580,43.55,72.07,10474,55.11,64.38,2936,52.12,74.74,8179,56.59,73.49,2272,"..","..",41177,"..","..",27441,46.61,68.83,68618
"2002M03",29.26,56.09,3999,62.04,73.50,13074,36.11,58.11,6123,40.38,67.90,5564,40.27,62.34,2535,32.81,47.20,4830,63.46,76.15,5122,44.06,70.24,3586,43.53,71.96,10530,51.66,60.90,2915,48.23,68.59,8143,53.96,70.87,2257,"..","..",41247,"..","..",27431,45.06,66.99,68678
"2002M04",21.58,44.51,4114,52.07,62.40,13060,29.24,49.44,6138,32.41,58.10,5563,30.55,49.09,2536,24.78,37.16,4807,51.29,62.58,5126,33.35,55.21,3576,37.82,54.95,10328,39.17,47.79,2915,39.27,56.71,8320,43.32,58.31,2233,"..","..",41344,"..","..",27372,36.47,54.64,68716
"2002M05",15.08,32.26,3894,47.51,57.33,13090,22.47,39.20,6095,25.97,47.54,5521,23.16,39.95,2504,22.49,34.96,4832,45.67,55.75,5216,22.41,36.92,3532,28.31,41.96,10325,24.65,31.08,2940,27.69,41.34,8047,27.67,39.56,2181,"..","..",41152,"..","..",27025,28.68,44.17,68177
"2002M06",12.50,27.68,3859,44.69,53.48,13043,22.78,41.14,6063,26.41,48.23,5450,21.73,38.41,2430,21.46,33.02,4963,44.52,55.09,5316,19.42,33.26,3406,25.28,37.81,10405,20.55,26.28,2911,25.31,38.14,7859,21.39,31.29,2109,"..","..",41124,"..","..",26690,26.74,41.52,67814
"2002M07",12.61,28.48,3898,46.41,55.63,13038,24.40,43.32,6063,28.06,50.83,5585,23.26,40.14,2509,25.61,38.39,5325,48.86,60.47,5306,19.02,33.64,3408,31.88,47.77,10441,23.71,30.71,2951,39.12,58.28,7988,22.52,32.65,2202,"..","..",41724,"..","..",26990,30.57,47.30,68714
"2002M08",12.73,29.37,3756,46.23,55.86,13128,22.33,38.71,6060,25.25,45.83,5588,21.32,37.20,2506,26.76,39.73,5300,44.11,54.42,5320,20.00,34.94,3375,30.22,45.18,10590,20.83,26.72,2948,41.73,62.33,8043,21.70,31.18,2208,"..","..",41658,"..","..",27164,29.83,46.10,68822
"2002M09",14.51,32.45,3923,48.38,58.26,13263,24.54,41.21,6068,27.00,48.46,5589,25.61,43.76,2509,28.75,41.89,5290,46.69,58.22,5279,24.73,44.01,3413,32.80,49.20,10579,26.62,31.67,2955,37.04,54.36,8068,25.33,36.28,2168,"..","..",41921,"..","..",27183,31.67,48.35,69104
"2002M10",19.13,38.24,4133,55.88,66.98,13256,28.12,46.17,6135,30.88,55.39,5603,27.78,47.45,2492,28.61,41.00,5331,51.55,63.93,5313,25.67,43.13,3615,38.04,57.54,10498,33.11,38.85,3040,33.03,48.93,8128,30.46,44.59,2197,"..","..",42263,"..","..",27478,35.00,52.91,69741
"2002M11",22.54,47.23,4101,64.68,77.65,13279,30.50,50.65,6202,33.76,59.32,5634,29.60,49.02,2536,27.52,40.37,4905,57.37,70.82,5356,33.79,57.54,3665,37.85,64.98,10649,43.78,53.08,3042,43.81,63.13,8113,43.91,61.86,2376,"..","..",42013,"..","..",27845,39.89,61.53,69858
"2002M12",29.64,50.65,4067,56.57,64.74,13257,34.93,47.62,6224,37.36,54.39,5697,36.75,49.09,2512,25.41,33.25,4906,48.26,56.91,5354,42.12,59.39,3763,36.58,57.10,10701,43.20,49.66,3036,45.39,57.61,8197,42.47,57.10,2317,"..","..",42017,"..","..",28014,40.26,55.00,70031
"2003M01",39.84,59.43,4113,60.80,67.67,13324,43.39,54.21,6281,49.82,64.62,5681,48.36,59.67,2536,32.01,38.59,4911,50.14,58.11,5331,57.18,72.10,3758,41.99,62.61,10835,55.10,61.00,3087,58.27,66.66,8236,49.03,63.59,2321,"..","..",42177,"..","..",28237,48.85,61.61,70414
"2003M02",31.40,59.89,4031,66.72,78.16,13391,39.69,58.61,6289,41.92,66.88,5682,40.54,61.26,2657,33.26,46.18,4972,63.36,77.99,5414,50.87,77.17,3783,45.92,72.68,10850,57.81,65.15,3097,57.26,75.01,8244,58.84,78.39,2323,"..","..",42436,"..","..",28297,48.78,69.75,70733
"2003M03",26.50,53.91,4010,62.77,73.70,13461,35.69,54.39,6294,36.24,60.88,5687,36.61,58.05,2680,33.43,47.44,5020,58.35,72.14,5401,43.51,68.78,3820,40.84,66.77,10849,53.53,61.68,3167,50.16,67.44,8255,52.31,69.53,2334,"..","..",42553,"..","..",28425,43.96,64.55,70978
"2003M04",25.24,50.44,3937,52.56,61.16,13310,33.07,50.62,6223,36.02,58.07,5730,34.89,53.53,2669,30.80,43.79,4865,50.49,62.81,5367,36.97,58.84,3793,40.33,57.19,10631,44.21,51.29,3098,43.92,59.86,8215,41.12,55.62,2343,"..","..",42101,"..","..",28080,39.56,56.50,70181
"2003M05",16.73,36.05,3889,46.83,55.52,13208,24.30,39.81,6191,24.67,42.84,5767,25.14,41.21,2690,24.42,36.05,4967,47.22,59.44,5412,23.80,39.08,3685,28.42,41.37,10709,25.78,31.62,3126,28.54,40.35,8040,26.51,37.23,2275,"..","..",42124,"..","..",27835,29.43,43.94,69959
"2003M06",13.67,29.45,3810,42.86,50.97,13166,22.88,38.98,6063,24.35,43.36,5718,22.69,37.93,2721,21.60,33.53,4815,46.33,58.13,5381,20.83,34.57,3553,24.79,37.07,10772,20.85,26.11,3009,25.22,36.17,8089,19.20,28.56,2228,"..","..",41674,"..","..",27651,26.59,40.42,69325
"2003M07",14.29,31.47,3620,47.40,56.03,13036,25.13,42.80,6148,29.09,51.00,5808,25.20,42.00,2694,27.96,40.62,5438,46.36,58.50,5429,21.46,36.54,3533,29.18,43.30,10967,23.40,29.61,3029,41.48,61.64,8214,22.72,33.22,2256,"..","..",42173,"..","..",27999,31.34,47.46,70172
"2003M08",14.18,31.00,3841,48.44,57.44,13095,22.26,38.23,6061,24.98,43.63,5815,22.94,38.86,2651,26.81,38.96,5479,42.84,54.52,5423,20.76,34.81,3595,28.42,42.60,10910,21.11,26.91,3023,40.06,59.19,8256,21.05,30.61,2264,"..","..",42365,"..","..",28048,29.89,45.42,70413
"2003M09",16.78,35.82,3886,49.34,59.43,13095,25.42,42.28,6192,29.08,50.16,5851,26.71,44.33,2642,30.75,44.15,5295,49.50,62.31,5487,22.41,40.97,3607,32.95,48.83,10967,26.37,31.26,3162,38.62,55.99,8272,26.49,37.20,2294,"..","..",42448,"..","..",28302,32.75,49.41,70750
"2003M10",20.31,41.87,3903,52.77,62.57,13144,28.15,44.96,6295,32.29,56.00,6002,29.95,48.08,2744,29.00,42.04,5114,48.94,61.82,5479,24.86,43.20,3817,38.71,56.31,11005,33.56,39.60,3153,35.01,50.26,8310,32.70,44.62,2302,"..","..",42681,"..","..",28587,35.17,52.20,71268
"2003M11",24.21,50.51,3907,63.74,75.86,13117,32.62,52.38,6302,34.97,60.81,5991,32.16,50.76,2759,27.65,40.46,4712,56.17,70.35,5506,31.81,55.25,3870,37.60,63.67,10964,44.58,52.84,3175,41.32,61.85,8260,47.22,62.24,2407,"..","..",42294,"..","..",28676,40.02,61.23,70970
"2003M12",32.94,52.98,3896,56.78,64.06,13251,37.17,48.43,6290,39.00,57.14,6040,40.65,52.35,2750,27.49,34.84,4905,46.92,56.41,5537,41.05,58.37,4017,38.11,58.64,11048,48.11,54.22,3175,48.18,63.82,8309,48.95,61.20,2425,"..","..",42669,"..","..",28974,42.14,56.74,71643
"2004M01",42.56,64.52,3918,61.24,66.92,13294,46.34,56.46,6284,51.17,68.93,5912,56.19,65.64,2788,35.72,39.32,4903,50.42,58.96,5858,52.98,67.51,4022,44.04,65.33,11036,59.93,64.38,3248,56.16,67.20,8362,54.32,66.00,2439,"..","..",42957,"..","..",29107,50.44,63.14,72064
"2004M02",32.53,60.77,3923,65.34,74.94,13451,40.21,58.73,6341,43.93,69.44,5960,45.90,65.45,2797,35.23,47.49,4857,59.69,72.91,5885,45.98,70.28,4058,46.30,73.94,11075,62.92,70.66,3313,53.28,75.51,8398,61.20,77.71,2442,"..","..",43214,"..","..",29286,48.86,69.48,72500
"2004M03",28.51,57.73,3932,64.63,74.74,13577,37.72,57.01,6509,38.86,63.25,5906,42.49,64.01,2822,35.71,48.88,4868,59.53,73.58,5899,41.08,67.05,4083,42.60,69.59,11144,55.06,62.50,3313,46.33,67.23,8399,54.50,68.74,2444,"..","..",43513,"..","..",29383,45.29,66.23,72896
"2004M04",25.14,49.45,3936,55.33,64.26,13544,33.95,49.90,6527,37.71,61.50,5921,35.18,54.90,2815,30.75,42.41,4908,50.46,62.61,5926,33.11,55.92,4085,36.58,60.28,11177,45.82,52.36,3376,43.53,62.67,8466,42.46,55.67,2444,"..","..",43577,"..","..",29548,39.51,57.90,73125
"2004M05",16.83,35.98,3957,49.05,57.54,13919,23.08,35.48,6557,26.78,46.76,5883,26.08,44.46,2800,25.28,36.32,4920,44.05,55.09,5941,21.14,36.56,4007,31.76,46.63,11112,25.32,30.21,3347,28.49,43.43,8456,25.08,34.94,2246,"..","..",43977,"..","..",29168,30.08,45.02,73145
"2004M06",15.87,33.19,3916,46.72,55.17,13923,25.79,40.55,6584,26.46,45.61,5844,24.08,41.70,2748,25.78,37.53,5113,44.51,55.09,5947,19.25,34.50,3886,28.34,41.89,11077,19.56,23.74,3242,29.63,44.15,8389,19.34,26.81,2263,"..","..",44075,"..","..",28857,29.04,43.49,72932
"2004M07",16.47,34.48,3807,47.58,56.61,13979,26.34,41.37,6524,29.88,53.01,5880,24.51,42.46,2751,34.71,47.63,5368,47.36,59.24,5892,19.90,37.48,3673,32.25,48.38,11146,23.71,28.39,3121,39.99,60.13,8399,20.97,29.37,2281,"..","..",44201,"..","..",28620,32.53,48.93,72821
"2004M08",14.42,30.45,3896,46.47,55.26,14051,23.78,37.50,6704,28.39,49.47,5978,22.51,38.68,2805,30.66,42.71,5487,41.27,51.63,5990,18.81,35.02,3756,30.70,45.38,11272,21.68,25.41,3211,41.54,61.76,8559,20.73,29.24,2313,"..","..",44911,"..","..",29111,30.81,46.14,74022
"2004M09",16.98,35.74,3915,47.86,56.38,14030,27.02,41.08,6685,31.11,53.79,6057,25.87,43.50,2806,33.40,46.68,5494,47.60,59.22,6012,21.66,40.03,3826,30.09,50.73,11372,30.58,34.09,3320,40.72,58.75,8594,25.02,32.76,2372,"..","..",44999,"..","..",29484,32.91,49.56,74483
"2004M10",20.21,40.37,4032,53.81,63.76,14109,29.40,43.66,6775,33.31,56.99,6111,28.30,46.12,2864,30.38,41.30,5361,44.89,55.87,6136,22.54,40.50,3979,32.39,53.62,11557,35.14,40.21,3453,34.77,50.28,8763,30.40,40.10,2358,"..","..",45388,"..","..",30110,34.25,51.10,75498
"2004M11",25.07,49.56,4111,59.28,69.63,14264,33.11,48.82,6890,36.92,62.77,6133,34.53,52.87,2899,32.89,45.50,5094,55.16,68.16,6207,32.27,56.44,4116,39.62,64.70,11738,48.41,54.13,3466,43.25,61.39,9110,46.92,58.72,2562,"..","..",45598,"..","..",30992,41.04,60.26,76590
"2004M12",30.14,49.21,4148,52.78,59.76,14181,37.49,45.92,7065,39.63,56.98,6164,37.71,53.74,2896,29.06,37.09,4949,46.43,54.44,6268,38.90,56.36,4176,38.01,58.07,11622,46.25,49.90,3498,45.15,58.81,9155,47.15,54.74,2644,"..","..",45671,"..","..",31095,40.84,54.39,76766
"2005M01",41.90,63.23,4156,59.45,65.32,14238,47.10,54.11,7104,56.35,68.41,6145,52.46,66.41,2942,36.24,42.44,4915,49.56,57.10,6295,56.19,73.12,4204,44.74,64.65,11678,56.18,59.21,3571,57.71,67.37,9227,53.21,62.60,2646,"..","..",45795,"..","..",31326,50.91,62.53,77121
"2005M02",32.12,62.09,4134,65.84,76.40,14288,41.14,57.78,7107,44.22,69.22,6099,43.13,65.51,2984,38.21,52.32,5054,62.30,75.66,6294,48.22,73.47,4312,47.00,73.87,11750,59.90,64.66,3635,55.52,74.99,9265,61.73,75.86,2672,"..","..",45960,"..","..",31634,49.74,70.04,77594
"2005M03",30.85,57.40,4133,62.73,71.31,14290,40.22,55.89,7140,40.54,63.47,6256,41.83,62.97,3059,35.97,47.76,5115,60.62,73.04,6445,42.46,67.51,4331,43.79,67.33,11859,54.73,58.89,3666,49.89,66.50,9433,53.84,66.35,2631,"..","..",46438,"..","..",31920,46.42,64.69,78358
"2005M04",23.98,44.66,4178,54.92,62.75,14428,33.53,48.82,7155,34.50,57.01,6238,34.50,52.98,3075,29.97,41.19,5155,54.48,65.19,6446,30.32,50.62,4296,35.89,57.01,11891,39.51,43.34,3665,39.70,56.00,9421,38.85,48.51,2634,"..","..",46675,"..","..",31907,38.13,54.74,78582
"2005M05",16.80,34.44,4126,45.14,52.78,14934,23.23,36.15,7132,26.61,46.83,6202,24.45,39.34,3075,23.92,34.33,5212,45.28,54.97,6518,19.99,36.25,4189,29.40,41.82,11851,25.05,29.20,3610,28.40,40.88,9538,22.03,30.51,2438,"..","..",47199,"..","..",31626,29.02,42.55,78825
"2005M06",15.07,28.60,4137,44.44,52.18,14922,24.82,39.02,7115,27.71,48.53,6264,23.88,38.93,3107,27.52,38.22,5210,45.62,55.28,6617,19.73,36.61,4083,31.79,45.67,11774,22.35,26.89,3598,29.26,41.75,9602,18.77,26.99,2395,"..","..",47372,"..","..",31452,29.56,43.31,78824
"2005M07",15.86,30.86,4052,47.69,55.83,14932,26.01,39.99,7138,29.69,49.66,6252,24.34,39.07,3013,29.46,40.94,5652,46.26,55.07,7051,18.34,34.10,4037,30.30,43.28,11871,21.98,26.61,3583,40.04,57.75,9668,18.61,27.10,2409,"..","..",48090,"..","..",31568,31.64,45.98,79658
"2005M08",14.88,30.16,4056,43.45,50.93,14761,22.69,34.84,7132,24.96,41.95,6276,23.58,37.70,3085,31.95,44.92,5729,41.01,49.00,7050,18.33,34.21,4087,28.46,40.35,12162,20.98,25.32,3494,40.26,57.54,9732,19.99,28.93,2411,"..","..",48089,"..","..",31886,29.69,43.19,79975
"2005M09",17.70,34.14,4117,47.07,54.44,14876,26.25,39.23,7161,27.41,45.79,6284,26.90,42.09,3091,32.76,45.96,5744,46.27,55.52,7045,19.41,35.17,4158,31.56,44.10,12375,25.19,29.46,3487,38.52,53.03,9890,22.94,31.27,2391,"..","..",48318,"..","..",32301,32.12,45.87,80619
"2005M10",19.71,38.73,4111,48.91,56.31,14902,28.56,41.84,7200,31.41,53.61,6298,30.82,47.64,3111,31.08,42.46,5544,46.28,55.36,7082,23.46,40.19,4386,31.37,49.86,12480,34.18,37.38,3684,33.44,45.22,10099,29.04,37.67,2480,"..","..",48248,"..","..",33129,33.27,47.92,81377
"2005M11",24.31,48.44,4110,56.29,65.32,14955,32.06,47.70,7184,35.57,60.30,6272,31.47,48.30,3150,31.16,42.45,5375,52.23,62.77,7105,30.74,51.01,4490,36.80,57.96,12433,45.71,50.98,3725,42.36,57.88,10131,41.48,53.93,2736,"..","..",48151,"..","..",33515,39.09,56.28,81666
"2005M12",29.08,48.69,4045,49.98,56.24,15241,33.99,44.67,7213,38.13,55.47,6259,36.49,48.38,3164,30.68,36.43,5329,43.52,51.13,7117,35.49,52.20,4542,35.05,51.19,12543,43.71,47.44,3714,44.88,58.48,9751,37.37,46.19,2788,"..","..",48368,"..","..",33338,38.76,51.27,81706
"2006M01",42.58,62.40,4028,53.60,58.02,15219,44.23,53.73,7218,49.88,63.45,6448,51.93,60.49,3196,37.94,41.51,5251,46.85,53.12,7120,55.50,68.99,4599,43.36,60.02,12457,55.96,59.47,3720,56.82,66.79,9751,48.27,59.64,2806,"..","..",48480,"..","..",33333,48.75,58.98,81813
"2006M02",33.83,63.86,4069,61.68,70.19,15163,40.99,56.82,7163,44.75,69.76,6183,44.25,65.64,3216,36.00,47.08,5460,59.39,71.23,7196,47.26,72.02,4623,45.99,69.47,12561,60.12,65.30,3718,55.63,77.18,9791,51.80,69.09,2822,"..","..",48450,"..","..",33515,48.71,67.62,81965
"2006M03",28.92,56.00,4103,59.27,67.96,15190,40.30,56.36,7279,38.15,62.62,6193,41.79,64.42,3206,34.17,46.88,5451,57.50,68.75,7196,38.43,63.17,4531,40.72,63.14,12594,51.93,57.64,3751,48.21,66.51,9874,44.91,58.79,2837,"..","..",48618,"..","..",33587,44.09,62.50,82205
"2006M04",26.43,48.43,4162,49.35,56.18,15295,34.88,47.18,7305,34.54,56.68,6212,34.05,50.76,3177,28.87,39.82,5341,49.01,59.39,7195,30.20,50.57,4517,35.17,53.27,12539,41.04,45.55,3699,43.57,59.61,9897,35.86,46.25,2837,"..","..",48687,"..","..",33489,37.73,52.87,82176
"2006M05",16.04,34.19,4094,45.17,51.05,15535,24.45,34.62,7280,26.72,45.56,6171,23.75,38.29,3150,24.63,35.68,5450,43.73,53.21,7201,18.93,34.03,4430,29.01,39.93,12521,24.75,28.91,3629,30.31,43.30,9897,22.35,31.79,2420,"..","..",48881,"..","..",32897,29.15,41.89,81778
"2006M06",15.24,29.91,4004,44.29,50.70,14957,26.23,37.22,7267,26.33,44.73,6185,23.86,39.28,3136,23.73,34.55,5695,42.49,51.55,7160,17.06,32.59,4192,25.49,36.36,12499,19.79,23.80,3652,28.23,40.91,9715,16.29,25.20,2354,"..","..",48404,"..","..",32412,27.63,40.20,80816
"2006M07",16.08,32.05,4032,43.67,49.05,14960,27.10,38.00,7172,27.47,46.49,6208,22.95,37.58,3156,32.17,45.52,5756,47.12,57.17,7167,17.74,33.60,4152,29.46,41.59,12398,22.20,26.38,3591,38.73,55.58,9783,17.15,26.43,2354,"..","..",48451,"..","..",32278,30.67,44.23,80729
"2006M08",14.94,30.30,4037,47.00,53.45,14906,24.72,35.10,7205,27.54,45.70,6277,25.08,39.78,3132,31.46,44.04,5864,42.99,52.04,7147,17.33,32.80,4198,27.61,39.41,12569,21.26,25.18,3566,42.09,60.75,9770,18.10,28.01,2336,"..","..",48568,"..","..",32439,30.68,44.38,81007
"2006M09",17.43,35.03,4093,48.94,55.45,15160,28.35,39.18,7246,30.15,49.20,6293,26.35,42.39,3151,35.01,48.63,5840,47.41,57.24,7210,19.21,34.11,4271,32.37,44.99,12679,26.06,29.19,3580,37.34,51.27,9927,21.38,30.39,2430,"..","..",48993,"..","..",32887,32.93,46.55,81880
"2006M10",22.87,44.25,4165,53.01,59.33,15588,30.42,40.87,7218,34.30,55.39,6314,31.50,48.48,3188,29.75,40.75,5776,50.00,59.59,7166,23.39,39.66,4476,31.50,49.16,12911,32.84,37.61,3659,34.41,46.86,10125,27.98,38.79,2475,"..","..",49415,"..","..",33646,34.77,49.25,83061
"2006M11",26.68,50.94,4182,60.19,67.72,15502,37.40,51.32,7266,37.14,61.05,6290,34.22,52.64,3228,29.33,41.16,5577,56.07,66.30,7229,30.95,53.26,4500,38.38,59.56,12801,44.53,50.20,3661,43.55,59.77,10068,39.08,51.16,2865,"..","..",49274,"..","..",33895,40.99,58.11,83169
"2006M12",29.39,48.18,4209,51.89,56.96,15528,38.20,47.23,7202,40.28,56.55,6348,39.75,51.05,3260,28.06,35.13,5401,46.52,53.20,7233,39.22,55.63,4535,36.45,52.31,12899,43.68,46.37,3678,45.37,56.81,10127,37.99,46.91,2866,"..","..",49181,"..","..",34105,40.36,52.05,83286
"2007M01",46.59,63.98,4247,58.94,62.47,15520,50.21,57.03,7206,53.40,64.65,6387,54.80,65.15,3261,37.07,42.95,5365,51.91,58.41,7250,55.89,69.45,4596,43.34,59.19,12881,54.65,58.95,3717,58.21,66.97,10153,47.01,56.94,2869,"..","..",49236,"..","..",34216,51.15,60.82,83452
"2007M02",38.11,65.59,4275,65.21,71.58,15650,46.58,58.55,7235,45.40,67.35,6433,44.72,65.82,3285,40.26,52.22,5484,65.90,75.65,7264,48.82,74.12,4597,47.46,70.48,12890,60.61,67.35,3750,57.63,75.08,10174,54.97,68.97,2869,"..","..",49626,"..","..",34280,51.56,68.81,83906
"2007M03",31.78,58.48,4315,64.90,72.05,15876,42.67,57.23,7284,41.28,64.73,6442,42.07,64.85,3285,37.08,49.57,5492,60.32,69.78,7551,40.10,64.43,4589,41.69,62.91,12903,52.02,57.97,3738,52.04,69.43,10147,49.64,62.22,2871,"..","..",50245,"..","..",34248,46.89,64.50,84493
"2007M04",25.35,45.54,4331,52.16,57.35,15954,35.85,46.95,7280,37.10,56.89,6550,34.23,49.83,3310,29.63,40.03,5454,49.46,57.51,7590,30.71,49.87,4624,35.05,52.51,12900,40.45,46.18,3742,44.50,58.75,10075,35.39,44.50,2870,"..","..",50469,"..","..",34211,38.54,52.51,84680
"2007M05",19.28,35.25,4094,47.13,52.68,15881,26.73,37.50,7284,29.20,47.15,6550,25.76,39.87,3311,25.12,36.22,5426,43.49,51.40,7579,21.27,35.79,4457,29.96,41.30,12980,25.10,29.23,3730,30.99,42.38,9941,23.36,32.36,2619,"..","..",50125,"..","..",33727,30.79,42.83,83852
"2007M06",16.22,30.49,4063,47.48,53.48,15678,25.68,36.75,7088,25.97,41.89,6526,24.34,38.97,3205,23.56,33.80,5676,41.55,49.63,7581,18.75,33.41,4264,28.03,38.94,13009,20.60,25.06,3689,28.82,41.10,9853,17.20,25.06,2629,"..","..",49817,"..","..",33444,28.78,40.85,83261
"2007M07",16.32,31.65,4056,47.66,52.81,15859,27.28,39.19,7231,28.89,46.24,6582,24.74,38.74,3192,28.39,40.26,5817,39.58,46.78,7597,18.00,32.36,4285,31.88,44.17,13223,22.35,27.09,3595,42.85,62.03,9794,17.38,25.25,2584,"..","..",50334,"..","..",33481,31.72,44.86,83815
"2007M08",15.18,28.97,4196,49.10,54.48,16008,26.13,37.07,7115,24.85,39.58,6883,23.63,38.32,3211,31.45,43.96,5822,40.97,48.83,7613,18.60,33.11,4345,30.57,42.35,13273,21.31,25.84,3629,43.04,61.97,9805,17.94,26.25,2548,"..","..",50848,"..","..",33600,31.44,44.47,84448
"2007M09",18.83,33.65,4187,49.94,55.41,15822,29.75,41.81,7196,31.35,48.96,6900,26.08,41.50,3243,32.35,44.41,5871,46.37,55.25,7549,19.36,34.26,4369,32.81,44.64,13343,25.85,28.98,3712,37.76,52.18,9808,21.62,29.05,2633,"..","..",50768,"..","..",33865,33.36,46.19,84633
"2007M10",22.26,40.92,4180,51.50,57.18,15910,30.05,41.13,7206,32.44,51.45,6824,31.15,47.43,3281,27.40,36.80,5910,45.54,53.41,7605,22.17,38.03,4622,31.53,48.99,13356,32.20,36.72,3763,34.24,47.30,10052,26.06,34.56,2702,"..","..",50916,"..","..",34495,33.69,47.36,85411
"2007M11",24.73,46.01,4228,62.74,70.17,15972,34.61,47.11,7228,36.58,56.95,6998,31.93,48.43,3285,30.24,40.66,5642,56.64,66.82,7344,29.89,50.76,4678,38.10,59.50,13323,42.78,48.42,3832,41.87,59.71,10129,39.09,51.20,2810,"..","..",50697,"..","..",34772,40.52,57.31,85469
"2007M12",33.83,47.20,4280,50.98,54.28,15956,35.44,42.60,7186,40.36,51.80,6900,39.07,50.33,3351,27.71,33.87,5614,46.54,53.60,7617,38.25,53.07,4771,37.00,51.92,13575,43.22,46.32,3867,43.46,55.23,10160,39.11,48.16,2839,"..","..",50904,"..","..",35212,40.14,50.33,86116
"2008M01",46.40,59.79,4259,60.03,63.39,15806,48.34,53.05,7206,53.97,61.21,6890,51.21,60.19,3353,35.95,38.75,5635,52.90,59.05,7387,55.57,67.75,4865,44.51,60.13,13830,55.00,58.14,3916,54.71,64.59,10152,48.26,56.49,2860,"..","..",50536,"..","..",35623,50.80,59.46,86159
"2008M02",35.51,58.81,4305,66.70,73.89,15796,43.37,55.54,7228,45.89,64.17,6892,44.58,63.26,3356,36.37,46.50,5628,64.17,74.46,7679,50.91,71.32,4923,46.46,67.83,13859,59.69,65.79,3915,55.85,74.90,10218,56.35,67.50,2864,"..","..",50884,"..","..",35779,50.78,67.12,86663
"2008M03",32.16,54.16,4310,63.67,70.09,15878,40.03,51.90,7380,42.15,59.29,6912,43.82,62.52,3399,37.03,48.43,5531,63.66,74.30,7615,44.50,66.67,4935,43.92,63.62,13873,55.11,62.58,3888,51.47,67.66,10335,48.96,59.58,2851,"..","..",51025,"..","..",35882,47.63,63.39,86907
"2008M04",24.09,43.67,4327,55.42,61.58,16010,32.90,44.90,7487,36.11,53.73,6929,32.51,48.72,3404,29.28,40.65,5645,53.43,63.67,7598,31.17,49.64,4916,34.68,52.36,13904,39.74,47.01,3877,41.45,57.47,10393,35.15,44.90,2851,"..","..",51400,"..","..",35941,38.26,53.15,87341
"2008M05",17.77,34.58,4206,49.44,55.45,15970,25.45,36.07,7456,28.59,46.33,6867,24.22,38.37,3272,24.65,35.64,5465,47.21,56.85,7626,21.27,34.92,4851,30.00,40.45,13836,25.59,31.24,3883,29.78,41.19,10360,25.06,35.30,2508,"..","..",50862,"..","..",35438,30.85,43.31,86300
"2008M06",14.70,26.97,4090,45.42,51.26,15807,22.86,32.86,7468,26.61,43.59,6612,21.44,34.20,3312,22.17,32.05,5866,42.05,50.94,7623,19.59,32.59,4747,26.95,37.22,13822,20.18,25.79,3799,26.59,37.67,10317,17.07,25.74,2446,"..","..",50778,"..","..",35131,27.53,39.14,85909
"2008M07",13.95,27.34,4075,46.73,52.20,15842,24.26,34.82,7443,28.60,46.23,6633,23.69,36.91,3312,29.28,41.64,6059,45.82,54.93,7482,18.24,30.34,4699,31.45,42.69,13922,22.76,28.48,3734,41.28,58.28,10245,18.38,27.33,2457,"..","..",50846,"..","..",35057,31.31,44.20,85903
"2008M08",11.67,22.83,4088,49.88,56.11,15852,24.64,35.24,7495,26.41,43.06,6694,20.21,32.20,3329,28.79,40.54,6067,41.84,49.20,7797,17.80,29.19,4735,29.81,40.11,13930,21.31,26.44,3821,40.84,57.00,10354,17.55,25.82,2466,"..","..",51322,"..","..",35306,30.51,42.99,86628
"2008M09",16.25,29.47,4223,50.62,56.89,15900,26.15,35.97,7495,29.16,46.75,6508,24.61,38.28,3419,30.25,41.88,6103,47.01,55.44,7890,20.21,32.49,4671,32.77,43.29,13851,25.82,29.89,3789,33.51,45.68,10376,21.46,29.15,2577,"..","..",51538,"..","..",35264,32.08,44.24,86802
"2008M10",19.70,36.35,4230,54.82,61.16,15971,30.26,40.69,7519,33.41,52.79,6497,31.48,47.73,3424,29.01,39.00,6159,52.15,60.87,7911,23.76,36.71,4827,32.44,47.22,13995,32.20,36.16,3890,30.69,41.58,10643,25.35,33.52,2649,"..","..",51711,"..","..",36004,34.45,47.59,87715
"2008M11",23.21,43.81,4272,60.17,67.54,15988,32.67,45.11,7548,33.25,51.01,6820,32.64,47.64,3443,28.83,39.17,6188,54.06,62.95,8036,28.63,46.01,4977,37.31,53.99,14199,40.11,47.52,3920,36.18,49.62,10750,36.59,47.31,2945,"..","..",52295,"..","..",36791,38.21,53.01,89086
"2008M12",28.97,43.76,4231,52.21,57.02,15999,34.50,43.23,7604,37.60,49.67,7021,37.22,47.82,3481,25.87,32.13,5932,44.78,50.91,7990,37.85,49.22,5038,35.75,47.62,14176,40.62,44.55,3934,39.52,49.09,10965,37.94,45.99,2947,"..","..",52258,"..","..",37060,38.38,48.26,89318
"2009M01",43.09,58.48,4242,56.13,58.84,15990,45.96,51.70,7623,51.96,57.67,7017,48.67,58.14,3452,34.62,35.79,5931,47.95,52.84,8027,55.36,64.24,5041,43.31,56.48,14157,52.30,56.92,3952,51.06,58.02,10937,47.32,55.76,2949,"..","..",52282,"..","..",37036,48.29,55.67,89318
"2009M02",34.37,57.28,4254,64.60,71.44,15893,41.86,54.24,7634,42.42,59.68,7069,44.15,59.77,3454,33.32,42.81,6063,60.06,68.77,8038,48.89,68.46,5049,45.65,64.53,14151,57.45,65.02,3921,49.96,64.91,10886,54.50,64.87,2944,"..","..",52405,"..","..",36951,48.20,63.18,89356
"2009M03",28.86,51.40,4282,61.24,68.18,16100,38.90,53.37,7634,36.32,54.56,7096,41.11,57.50,3444,31.59,41.34,6094,59.28,68.87,8068,38.01,58.82,5047,41.60,60.43,14334,47.87,55.96,3889,45.80,61.51,10936,45.89,56.75,2964,"..","..",52718,"..","..",37170,43.62,59.40,89888
"2009M04",27.51,44.25,4253,50.71,55.71,16168,35.56,46.76,7661,35.47,54.06,6820,36.76,51.10,3416,28.12,36.52,6139,53.76,62.63,7933,30.00,46.35,5062,34.74,49.10,14376,39.23,46.47,3846,39.35,52.30,10922,34.55,43.02,2924,"..","..",52390,"..","..",37130,37.78,50.58,89520
"2009M05",18.57,33.52,4208,44.65,49.85,16131,24.41,35.23,7631,27.25,43.90,6782,24.59,35.99,3688,24.35,34.89,5824,47.46,56.10,7931,20.82,34.53,4992,30.65,40.61,14138,27.65,33.59,3808,29.24,40.02,10810,24.46,33.64,2455,"..","..",52195,"..","..",36203,30.04,41.66,88398
"2009M06",13.68,25.89,4102,41.27,46.39,15950,21.53,32.16,7520,21.91,37.15,6756,19.83,29.53,3691,21.22,29.92,6253,40.57,48.24,8041,16.13,28.06,4825,24.74,33.65,14087,19.97,25.64,3771,26.37,37.07,10716,15.81,24.07,2401,"..","..",52313,"..","..",35800,25.39,36.14,88113
"2009M07",14.56,27.35,4128,48.08,53.88,15889,24.08,35.88,7462,24.46,41.26,6753,21.61,31.99,3722,28.47,39.83,6458,42.42,50.27,8076,17.19,29.66,4777,30.13,40.72,14218,22.58,28.12,3784,41.45,58.06,10787,17.83,27.18,2392,"..","..",52488,"..","..",35958,30.45,43.14,88446
"2009M08",13.41,25.11,4240,44.64,50.05,15925,22.50,33.79,7467,22.12,36.68,6738,21.84,34.85,3278,27.70,38.72,6468,39.12,46.29,8080,17.31,27.98,4790,29.33,39.57,14150,21.32,26.79,3800,41.78,57.09,10788,18.28,27.28,2415,"..","..",52196,"..","..",35943,29.14,41.06,88139
"2009M09",17.34,30.45,4244,47.81,53.54,16313,26.93,39.06,7384,26.78,41.86,7107,25.62,39.23,3281,29.38,40.10,6521,46.90,55.01,8344,18.50,30.76,4888,31.76,42.17,14365,25.64,29.02,3922,35.06,45.62,10827,23.30,31.25,2472,"..","..",53194,"..","..",36474,31.61,43.26,89668
"2009M10",21.13,36.97,4307,52.67,58.50,16304,29.48,42.11,7549,29.71,45.78,7140,29.66,44.95,3371,25.32,34.33,6448,49.29,57.47,8362,22.13,36.15,5004,32.46,47.18,14370,32.63,38.19,3819,31.76,41.78,10943,27.06,35.60,2761,"..","..",53481,"..","..",36897,33.39,46.15,90378
"2009M11",24.23,43.24,4374,57.82,64.38,16346,31.98,45.03,7600,31.69,48.48,7177,32.39,48.84,3374,25.27,33.26,6386,51.86,60.25,8372,29.22,46.37,5088,37.75,54.70,14360,40.43,47.46,3957,37.76,51.58,10896,38.97,49.86,3041,"..","..",53629,"..","..",37342,37.77,52.06,90971
"2009M12",31.11,46.42,4323,52.50,57.48,16342,36.75,44.70,7671,39.10,50.82,7201,36.65,48.38,3335,26.54,32.34,6178,44.08,49.68,8472,37.29,48.91,5143,36.77,49.85,14383,43.43,46.54,4063,43.30,52.13,10780,39.58,47.67,3048,"..","..",53522,"..","..",37417,39.64,49.44,90939
"2010M01",43.41,56.23,4335,56.29,59.88,16378,48.18,53.55,7766,52.59,60.19,7221,50.26,57.49,3364,30.93,33.62,6374,50.60,56.07,8310,55.30,62.96,5202,45.01,58.54,14456,54.56,59.15,4054,55.22,63.51,10819,47.22,54.30,3079,"..","..",53748,"..","..",37610,49.47,57.10,91358
"2010M02",34.15,58.54,4287,63.79,70.78,16212,41.36,55.11,7636,43.42,59.67,7202,44.27,62.28,3365,33.07,42.10,6309,63.16,72.27,8168,47.29,67.61,5136,45.77,65.33,14603,58.35,65.42,4048,51.13,67.53,11172,55.95,67.65,3094,"..","..",53179,"..","..",38053,48.52,64.06,91232
"2010M03",28.09,49.11,4283,60.68,68.26,16105,38.84,53.47,7515,37.82,55.76,7213,39.85,57.71,3369,31.89,41.59,6384,58.33,67.88,8174,37.48,58.03,5136,41.79,60.40,14761,46.08,53.77,4048,47.96,64.77,11095,44.91,56.38,3047,"..","..",53043,"..","..",38087,43.70,59.54,91130
"2010M04",26.06,44.92,4217,51.96,57.85,16113,33.39,46.53,7544,34.59,50.68,7225,35.49,50.53,3358,27.73,36.09,6386,48.74,56.82,8123,30.49,44.66,5088,34.67,49.41,14741,37.24,44.13,4041,41.24,54.75,11052,34.05,42.08,3028,"..","..",52966,"..","..",37950,37.30,50.23,90916
"2010M05",17.90,32.53,4199,46.73,53.20,16195,23.18,34.84,7515,26.20,41.94,7187,22.13,35.01,3338,21.49,29.55,6346,41.77,49.42,8258,18.19,29.39,4989,27.55,36.60,14442,22.91,28.44,3944,26.31,37.92,10898,21.52,29.64,2665,"..","..",53038,"..","..",36938,28.08,39.49,89976
"2010M06",14.66,25.02,4080,42.37,48.35,16155,23.07,35.62,7446,25.77,40.97,7177,21.91,35.20,3323,22.41,31.08,6397,40.81,48.69,8128,16.17,26.52,4706,26.21,34.90,14320,18.66,23.95,3917,28.32,41.60,10873,17.73,25.19,2568,"..","..",52706,"..","..",36384,26.91,38.04,89090
"2010M07",14.57,26.08,4110,45.27,51.56,16371,23.52,36.25,7477,28.14,45.04,7159,22.57,34.66,3316,26.58,36.85,6555,40.94,48.80,8127,17.47,29.22,4665,30.41,40.23,14469,22.13,27.70,3857,41.74,60.92,10997,18.00,26.08,2559,"..","..",53115,"..","..",36547,30.47,43.05,89662
"2010M08",13.71,23.25,4109,46.44,53.14,16347,21.36,31.82,7515,23.99,38.84,7167,20.26,32.49,3309,25.08,34.24,6518,38.77,45.87,7949,17.63,29.36,4712,29.87,39.59,14519,19.71,24.31,3886,39.17,57.11,11031,16.54,24.44,2572,"..","..",52914,"..","..",36720,29.06,41.03,89634
"2010M09",15.65,27.74,4129,50.21,57.00,16386,24.75,36.64,7538,28.21,44.79,7171,24.47,37.78,3290,27.93,38.21,6329,46.74,54.87,8109,18.86,30.38,4764,33.40,44.01,14059,22.61,25.84,4019,34.77,48.76,11055,19.32,25.56,2723,"..","..",52952,"..","..",36620,31.61,43.91,89572
"2010M10",21.86,37.50,4206,53.57,60.36,16458,30.34,42.83,7538,30.57,46.75,7190,29.22,43.79,3326,26.89,35.61,6376,48.29,55.88,8240,21.82,34.44,5048,32.79,48.91,14035,28.31,32.78,4037,30.53,41.67,11059,24.22,32.16,2725,"..","..",53334,"..","..",36904,33.40,46.37,90238
"2010M11",22.69,41.57,4260,61.71,69.86,16376,33.25,47.26,7550,33.79,52.57,7209,32.65,49.15,3332,28.94,37.50,6404,52.35,60.22,8235,29.66,46.71,5028,39.28,58.10,14280,38.76,46.61,4037,36.78,50.19,11220,36.78,47.08,3027,"..","..",53366,"..","..",37592,38.85,54.04,90958
"2010M12",30.48,44.54,4259,53.17,58.98,16330,35.33,42.53,7539,35.80,49.48,7209,36.03,48.34,3364,25.84,30.46,6294,46.63,52.09,8185,36.38,47.25,5021,36.86,49.99,14344,39.60,45.06,4039,42.47,52.57,11230,36.29,44.71,3074,"..","..",53180,"..","..",37708,38.96,49.24,90888
"2011M01",45.88,56.43,4246,58.70,62.28,16212,47.64,53.73,7565,47.42,58.66,7210,47.76,55.93,3398,32.36,33.32,6122,48.60,52.28,8186,54.92,63.34,5047,46.63,62.76,14040,50.12,55.85,4032,52.07,60.73,11197,45.14,53.07,3106,"..","..",52939,"..","..",37422,48.94,57.23,90361
"2011M02",33.77,56.84,4224,65.70,73.31,16145,42.28,57.20,7574,40.92,61.30,7156,44.73,62.66,3385,34.00,42.96,6347,63.35,71.95,8162,47.01,67.81,5022,40.29,58.05,13647,55.60,64.19,4039,53.45,69.21,11215,51.28,62.00,3107,"..","..",52993,"..","..",37030,47.80,63.63,90023
"2011M03",28.77,50.73,4246,62.56,70.10,16189,37.47,51.64,7578,36.29,54.35,7121,37.56,57.01,3388,33.93,44.06,6380,60.83,69.53,8164,37.00,56.44,5017,34.48,54.86,9908,45.04,53.00,4034,46.71,61.93,11220,41.39,51.74,3107,"..","..",53066,"..","..",33286,42.63,58.67,86352
"2011M04",26.84,45.99,4240,56.37,62.94,16191,34.71,48.68,7543,33.84,51.94,7091,31.80,47.85,3430,29.66,38.18,6304,53.19,61.57,8162,29.57,46.33,5019,32.49,53.11,9614,36.49,43.22,3902,40.09,52.53,11151,31.18,39.68,3092,"..","..",52961,"..","..",32778,37.74,52.22,85739
"2011M05",19.11,32.98,4156,50.98,58.03,16166,22.18,33.93,7507,26.41,41.40,7094,24.60,37.38,3429,22.45,30.77,6372,46.61,54.64,8165,20.38,31.52,4822,29.45,43.13,9501,21.56,26.53,3872,26.09,36.87,11021,21.61,30.57,2672,"..","..",52889,"..","..",31888,29.55,41.83,84777
"2011M06",15.40,28.28,4066,46.32,52.37,16141,23.01,35.61,7502,25.28,41.48,7015,22.36,34.38,3370,21.52,29.87,6312,45.39,53.41,8030,17.82,28.59,4687,28.15,40.62,9440,20.71,27.00,3546,24.66,35.38,10819,17.10,25.20,2597,"..","..",52436,"..","..",31089,27.64,39.67,83525
"2011M07",16.48,29.44,4109,51.99,58.63,16482,23.56,36.72,7514,29.38,47.71,6982,20.05,31.81,3346,26.02,35.64,6283,48.77,57.75,7877,19.12,31.11,4638,31.24,45.46,9861,20.95,26.50,3453,38.85,56.44,11236,16.46,24.28,2590,"..","..",52593,"..","..",31778,31.80,45.78,84371
"2011M08",14.09,26.78,4128,54.73,62.16,16201,22.08,34.05,7528,28.44,48.10,7013,23.95,37.39,3319,27.38,37.83,6288,49.71,58.61,8117,19.16,31.32,4672,31.13,44.76,10019,18.70,23.70,3550,39.66,57.37,11258,16.68,24.52,2634,"..","..",52594,"..","..",32133,32.08,46.48,84727
"2011M09",18.36,34.20,4129,54.60,61.48,16482,26.35,38.52,7466,28.02,42.64,7028,28.23,43.37,3372,28.09,37.46,6290,50.67,58.77,8012,19.56,30.80,4785,27.55,45.97,9837,22.56,26.59,3871,33.83,45.89,11222,22.43,30.60,2641,"..","..",52779,"..","..",32356,32.14,45.73,85135
"2011M10",20.11,36.59,4103,60.90,68.14,16603,30.15,43.14,7489,29.94,48.14,7015,29.64,43.97,3404,26.82,35.92,6235,51.90,59.17,8142,23.44,38.22,4883,29.88,48.10,10053,27.01,31.18,3889,29.43,38.92,11468,21.84,29.84,2773,"..","..",52991,"..","..",33066,33.96,47.85,86057
"2011M11",23.85,44.64,4136,60.73,68.37,16564,32.96,47.91,7477,34.25,54.65,7013,33.80,49.52,3411,28.66,38.18,6248,57.75,66.06,8142,29.44,47.19,4862,36.40,58.05,10026,37.99,43.63,4030,39.46,53.74,11516,34.58,45.10,3057,"..","..",52991,"..","..",33491,39.06,54.90,86482
"2011M12",29.77,45.85,4141,54.98,59.97,16880,34.78,42.54,7470,36.56,51.91,7032,37.26,48.97,3437,26.88,31.22,6183,45.85,51.13,8130,36.47,48.61,4942,36.56,53.12,10036,39.37,43.46,4012,44.43,53.99,11500,35.80,44.27,3072,"..","..",53273,"..","..",33562,39.57,50.29,86835
"2012M01",43.51,55.47,4150,57.21,60.88,16998,44.91,51.51,7425,45.42,58.44,7062,47.91,56.46,3440,35.28,37.55,6295,50.91,54.94,8040,51.33,59.99,4966,41.88,58.20,10038,50.70,55.27,4045,55.46,63.91,11449,41.81,49.99,3094,"..","..",53410,"..","..",33592,47.96,56.60,87002
"2012M02",33.97,56.72,4159,64.58,71.02,16991,41.15,55.89,7397,37.61,55.91,7069,43.29,60.63,3440,37.16,46.31,6193,63.70,71.35,8059,44.13,61.48,5074,39.91,62.08,9849,50.17,57.91,4001,49.84,65.27,11436,43.71,54.12,3089,"..","..",53308,"..","..",33449,46.51,62.13,86757
"2012M03",24.86,46.77,4132,64.19,71.41,17142,37.07,52.37,7518,34.06,53.90,7053,37.56,54.27,3446,36.95,47.34,6205,60.86,69.51,8016,35.72,55.18,5005,36.13,58.02,9808,41.94,49.01,3979,44.31,59.65,11427,36.88,47.63,3089,"..","..",53512,"..","..",33308,42.22,58.72,86820
"2012M04",22.93,41.91,4071,54.83,60.54,17168,32.38,46.02,7579,32.90,51.02,7014,28.47,41.10,3437,29.66,37.54,6197,46.80,53.20,8021,27.73,42.34,5038,32.17,50.93,9769,35.78,41.60,3972,41.07,54.46,11415,28.94,37.34,3033,"..","..",53487,"..","..",33227,36.30,49.91,86714
"2012M05",16.60,30.51,4031,49.45,55.35,17117,23.22,35.35,7543,23.72,37.40,7063,23.45,35.76,3443,23.40,31.28,6223,45.43,53.28,7999,19.95,31.11,4852,28.58,41.31,9642,22.33,28.07,3740,27.15,38.31,11354,20.85,30.46,2643,"..","..",53419,"..","..",32231,29.04,41.04,85650
"2012M06",14.46,25.11,3997,48.95,54.62,17083,23.92,37.77,7489,23.70,37.31,7443,21.65,33.30,3445,21.87,29.00,6314,43.67,50.77,7991,18.20,28.81,4552,26.37,38.57,9750,18.01,23.47,3668,25.93,37.44,11292,17.01,24.44,2573,"..","..",53762,"..","..",31835,27.75,39.45,85597
"2012M07",14.17,24.98,3969,46.69,51.93,16792,22.58,35.77,7487,23.51,36.85,7444,20.31,31.03,3422,26.31,35.51,6293,42.70,49.65,7977,18.00,28.87,4555,28.84,42.29,9778,22.48,28.22,3624,41.17,59.22,11148,18.57,26.65,2538,"..","..",53384,"..","..",31643,29.89,42.51,85027
"2012M08",13.02,23.79,3920,50.40,56.31,16780,20.41,32.00,7444,22.11,35.10,7504,19.02,28.58,3430,25.02,33.71,6304,40.25,46.96,7950,17.33,28.20,4520,29.51,43.24,9836,18.21,23.87,3586,39.12,56.76,11168,19.00,27.14,2539,"..","..",53332,"..","..",31649,29.28,41.95,84981
"2012M09",16.24,29.73,4034,52.24,57.95,16836,24.11,36.46,7449,26.43,40.94,7502,23.21,34.01,3458,27.19,36.36,6304,49.25,56.96,8252,19.49,29.73,4745,31.91,45.21,9978,20.50,24.40,3913,32.18,44.87,11301,19.70,26.61,2650,"..","..",53835,"..","..",32587,31.21,43.47,86422
"2012M10",20.95,37.96,4032,58.99,65.46,16885,28.61,42.69,7421,29.49,44.17,7505,30.74,44.75,3491,27.01,34.96,6324,51.62,58.74,8287,23.28,36.13,4927,32.93,50.91,10216,28.89,31.46,3988,31.72,43.74,11284,23.22,31.12,2800,"..","..",53945,"..","..",33215,34.47,47.90,87160
"2012M11",23.07,41.23,4101,64.34,71.19,16892,31.65,46.92,7449,31.07,47.89,7507,32.99,47.86,3523,27.69,35.35,6306,56.37,63.68,8269,27.80,43.44,4941,36.44,56.26,10150,34.24,39.90,4019,36.80,50.63,11338,31.95,40.96,3098,"..","..",54047,"..","..",33546,38.22,53.04,87593
"2012M12",31.08,43.46,4073,57.95,62.37,16894,33.99,43.99,7420,34.83,47.56,7503,36.89,47.52,3541,26.44,29.69,6291,48.21,51.99,8266,36.32,47.11,4976,37.15,52.79,10261,40.99,44.87,3968,46.04,58.10,11371,33.24,39.45,3131,"..","..",53988,"..","..",33707,40.18,50.60,87695
"2013M01",44.90,48.23,4088,60.05,62.84,16746,47.03,55.46,7422,45.33,54.81,7505,47.03,55.15,3533,32.48,35.16,6291,50.28,53.88,8295,50.97,59.17,5033,43.88,59.78,10603,42.53,47.29,3970,53.70,62.58,11331,41.46,50.00,3134,"..","..",53880,"..","..",34071,48.07,55.95,87951
"2013M02",32.91,55.81,4023,68.32,74.70,16660,40.78,55.97,7422,41.92,59.46,7519,43.40,59.74,3546,33.77,41.41,6220,60.33,67.34,8294,46.21,63.76,5072,43.91,64.69,10416,51.82,59.09,3968,52.74,69.40,11408,47.64,59.08,3136,"..","..",53684,"..","..",34000,48.14,63.50,87684
"2013M03",29.16,48.40,3989,68.21,74.76,16624,40.60,55.13,7426,38.62,55.48,7522,40.82,55.27,3553,35.51,42.98,6094,58.95,65.77,8295,39.65,59.17,5090,41.14,62.64,10489,43.83,50.38,3962,50.12,65.98,11399,40.59,50.99,3136,"..","..",53503,"..","..",34076,45.66,60.93,87579
"2013M04",23.14,40.45,3974,58.78,65.16,16602,29.55,43.46,7432,31.52,46.52,7533,31.08,45.32,3549,26.97,34.29,6105,50.39,57.56,8283,28.07,44.61,5056,34.47,52.79,10447,32.60,38.16,3944,42.63,58.08,11376,29.17,37.39,3163,"..","..",53478,"..","..",33986,36.98,51.10,87464
"2013M05",16.49,30.44,3957,54.71,61.67,16601,21.83,33.88,7419,26.19,40.12,7563,24.02,36.40,3501,22.72,30.58,6048,49.58,57.08,8291,21.62,35.12,4962,31.32,44.22,10396,21.35,26.64,3691,28.54,40.21,11304,20.94,28.46,2765,"..","..",53380,"..","..",33118,30.67,43.36,86498
"2013M06",14.34,24.08,3955,50.16,56.12,16521,21.41,34.15,7404,24.53,37.95,7550,21.27,31.53,3496,21.56,28.80,6181,46.38,53.49,8130,18.18,28.65,4878,28.72,40.88,10444,16.81,22.05,3655,30.04,43.17,11206,16.48,23.92,2593,"..","..",53237,"..","..",32776,28.51,40.44,86013
"2013M07",15.00,26.26,3926,52.31,58.72,16393,23.74,38.52,7438,25.29,39.60,7572,23.66,33.30,3495,30.00,40.64,6180,48.84,56.74,8081,17.83,29.01,4823,31.04,44.04,10355,20.37,26.80,3451,42.81,61.48,11291,17.42,24.95,2574,"..","..",53085,"..","..",32494,32.19,45.86,85579
"2013M08",13.38,23.52,3910,53.37,59.89,16360,21.59,34.98,7265,24.07,38.28,7566,21.36,30.27,3451,27.77,37.42,6184,44.64,51.57,8122,18.63,30.69,4748,30.00,42.88,10527,19.25,24.99,3488,42.86,61.11,11235,17.68,24.79,2600,"..","..",52858,"..","..",32598,31.21,44.53,85456
"2013M09",15.52,26.96,3931,58.85,66.23,16443,24.85,39.14,7470,28.90,45.83,7539,25.88,37.14,3464,29.35,39.45,6192,45.06,52.09,8142,19.66,31.66,4948,32.89,45.34,10897,19.92,23.74,3737,34.42,47.61,11269,19.63,27.46,2628,"..","..",53181,"..","..",33479,32.70,45.91,86660
"2013M10",18.78,33.24,3932,61.50,68.60,16493,29.49,44.19,7463,31.67,48.98,7586,32.44,47.21,3458,28.52,37.33,6170,51.59,58.64,8246,22.12,35.95,5048,34.14,51.70,10937,25.73,30.27,3904,34.30,47.68,11388,23.99,32.63,2804,"..","..",53348,"..","..",34081,35.31,49.64,87429
"2013M11",22.78,41.95,3958,68.35,76.07,16535,31.75,46.33,7467,36.79,57.18,7645,34.25,49.74,3474,32.22,42.64,6167,56.91,64.14,8278,30.26,47.53,5106,37.82,56.69,11105,36.61,43.04,3881,41.15,57.06,11549,34.37,44.39,3198,"..","..",53524,"..","..",34839,40.70,56.74,88363
"2013M12",31.51,44.57,3957,60.02,64.81,16573,36.18,45.77,7503,38.40,52.67,7711,38.49,48.56,3530,28.81,34.39,6192,49.49,54.48,8446,36.56,49.74,5136,37.53,51.60,11077,43.91,48.89,3891,47.66,59.35,11565,37.04,44.92,3210,"..","..",53912,"..","..",34879,41.83,52.85,88791
"2014M01",47.26,56.03,3949,63.54,67.87,16591,47.34,56.28,7548,49.64,61.12,7715,48.22,55.21,3532,36.25,38.13,6117,50.00,53.92,8446,51.10,61.33,5184,44.96,59.78,11111,51.63,58.38,3814,56.28,67.59,11550,43.40,54.31,3171,"..","..",53898,"..","..",34830,50.34,59.57,88728
"2014M02",34.03,56.10,3983,74.04,81.63,16637,43.61,57.99,7611,42.37,60.62,7808,42.48,58.34,3552,36.24,44.69,6216,62.50,69.41,8374,49.42,65.91,5387,46.75,66.95,11190,56.27,65.26,3830,58.23,75.79,11554,47.46,59.70,3174,"..","..",54181,"..","..",35135,51.08,66.97,89316
"2014M03",26.73,45.56,3985,66.72,73.70,16650,38.34,52.97,7647,36.80,54.24,7807,38.93,55.46,3567,34.08,42.75,6190,57.87,65.67,8373,39.37,58.87,5349,41.82,61.70,11269,46.81,55.16,3802,50.82,67.24,11582,42.26,53.60,3173,"..","..",54219,"..","..",35175,44.95,60.61,89394
"2014M04",27.12,45.94,3919,60.63,66.69,16612,34.82,48.08,7692,36.11,53.40,7890,34.92,49.44,3530,28.17,36.17,6151,53.18,60.02,8359,30.75,47.11,5348,37.75,56.08,11248,39.23,47.40,3770,47.69,62.86,11545,32.57,41.30,3152,"..","..",54153,"..","..",35063,40.60,54.87,89216
"2014M05",19.04,34.54,3893,58.79,65.57,16611,25.45,38.70,7586,28.84,44.38,7933,24.87,36.53,3439,23.56,32.04,6099,47.18,54.10,8341,22.78,35.34,5193,33.09,44.81,11088,22.24,28.56,3555,31.70,44.51,11391,22.62,30.99,2776,"..","..",53902,"..","..",34003,32.82,45.69,87905
"2014M06",14.10,24.88,3877,53.98,59.59,16574,23.31,35.64,7602,23.62,36.50,7900,21.21,31.91,3393,20.61,28.23,6109,43.80,50.54,8238,18.63,30.81,5025,29.25,40.08,10966,17.98,24.32,3301,31.39,44.31,11350,18.21,25.47,2493,"..","..",53693,"..","..",33135,29.32,41.25,86828
"2014M07",14.29,26.21,3836,53.91,59.53,16518,24.81,38.02,7532,26.94,41.16,7982,23.13,34.05,3418,27.21,37.50,6104,45.60,52.11,8339,20.03,33.40,4845,33.70,46.47,10932,22.85,29.97,3298,45.45,64.49,11366,20.58,28.87,2481,"..","..",53729,"..","..",32922,33.30,46.76,86651
"2014M08",15.13,26.89,3789,56.79,62.92,16446,22.77,34.26,7473,24.38,37.87,7939,21.16,31.51,3446,27.04,37.45,6000,44.70,51.47,8286,18.33,31.17,4596,31.21,43.51,10946,20.61,26.75,3282,43.57,61.55,11168,19.96,27.67,2576,"..","..",53379,"..","..",32568,32.35,45.60,85947
"2014M09",18.44,33.60,3854,62.09,68.50,16417,26.73,40.87,7389,30.79,46.11,7932,26.40,39.09,3434,29.02,39.27,6088,52.84,60.90,7989,20.59,32.85,4963,32.21,44.30,11058,24.74,30.01,3433,35.98,50.03,11246,22.97,31.65,2702,"..","..",53103,"..","..",33402,34.77,48.39,86505
"2014M10",22.37,40.07,3871,64.14,70.77,16433,31.20,45.70,7487,34.23,51.68,7881,30.90,45.21,3478,28.94,38.22,6264,55.94,64.31,8114,23.21,36.47,5256,34.90,52.17,11312,30.77,35.86,3704,37.77,51.46,11420,28.44,37.54,2797,"..","..",53528,"..","..",34489,37.59,52.19,88017
"2014M11",25.77,46.76,3906,71.07,78.47,16507,33.72,49.87,7508,37.40,56.94,7891,36.38,53.02,3491,30.55,39.97,6310,59.07,67.88,8126,31.33,48.09,5223,39.52,58.75,11279,41.58,49.74,3788,46.30,63.04,11483,38.77,48.66,3217,"..","..",53739,"..","..",34990,42.96,59.43,88729
"2014M12",37.93,50.53,3938,62.77,67.80,16399,37.68,48.84,7514,40.04,54.84,7879,40.77,52.24,3501,31.32,36.16,6315,52.30,58.23,8127,37.52,50.04,5278,41.35,56.90,11337,48.35,55.91,3842,52.89,65.46,11492,43.45,51.28,3292,"..","..",53673,"..","..",35241,45.05,56.68,88914
"2015M01",52.51,60.39,3976,64.72,68.35,16455,49.82,59.52,7547,48.87,59.96,7891,48.81,59.56,3458,36.95,38.73,6245,54.69,59.69,8127,56.01,63.90,5250,46.63,59.91,11307,54.82,62.00,3771,59.87,70.93,11574,45.76,53.80,3295,"..","..",53699,"..","..",35197,52.64,61.48,88896
"2015M02",38.74,60.37,3979,74.88,81.45,16437,44.71,62.54,7358,43.04,61.22,8063,45.13,61.90,3481,38.39,46.61,6259,64.64,72.23,8146,51.03,69.16,5253,49.40,69.83,11213,62.03,72.59,3779,61.48,79.19,11637,55.14,65.71,3247,"..","..",53723,"..","..",35129,53.41,69.60,88852
"2015M03",29.70,49.71,3982,72.35,79.86,16448,40.52,59.10,7394,39.83,58.61,8065,43.40,60.68,3482,35.63,44.65,6257,61.31,69.19,8155,42.91,61.96,5247,45.49,65.78,11232,51.28,60.16,3779,54.64,72.89,11521,49.28,59.34,3247,"..","..",53783,"..","..",35026,48.60,65.31,88809
"2015M04",25.74,44.34,3899,64.02,70.65,16336,35.49,50.94,7357,37.68,52.18,8521,39.15,55.23,3469,29.93,37.27,6272,56.79,64.44,8156,32.07,46.78,5248,39.05,55.15,11266,40.15,48.07,3768,50.07,67.41,11444,37.19,44.72,3247,"..","..",54010,"..","..",34973,42.45,56.89,88983
"2015M05",17.90,32.35,3905,58.54,65.58,16319,25.87,38.94,7573,29.64,42.90,8493,27.35,39.54,3439,26.50,35.68,6019,52.08,60.16,8028,22.87,35.26,5171,33.71,44.61,11423,25.48,32.52,3596,36.35,51.92,11118,26.64,33.85,2779,"..","..",53776,"..","..",34087,34.30,47.46,87863
"2015M06",14.35,25.23,3856,54.27,60.58,16324,23.25,35.65,7575,23.94,35.32,8491,23.65,34.45,3475,25.54,35.12,5997,45.36,52.79,7999,19.78,31.98,4995,29.24,39.95,11467,18.77,24.87,3451,34.02,48.95,11256,19.72,26.14,2685,"..","..",53717,"..","..",33854,30.36,42.64,87571
"2015M07",14.36,26.64,3746,56.63,63.15,16294,25.49,39.31,7544,27.73,40.73,8496,24.64,35.32,3442,29.71,40.84,6144,49.23,57.05,7996,21.35,34.64,4790,33.86,46.03,11294,22.07,29.24,3387,45.50,64.79,11216,21.99,29.00,2650,"..","..",53662,"..","..",33337,34.35,48.14,86999
"2015M08",13.47,25.05,3744,58.48,65.47,16091,23.04,35.51,7546,24.94,36.62,8436,22.86,33.16,3398,29.06,38.84,6212,46.13,53.35,7982,20.51,33.31,4928,31.82,44.12,11303,20.27,26.77,3367,45.19,64.06,11220,21.49,29.12,2680,"..","..",53409,"..","..",33498,33.15,46.65,86907
"2015M09",18.76,37.05,3775,62.65,70.28,16212,28.25,44.42,7312,31.10,45.41,8368,26.54,37.79,3440,30.95,41.03,6225,50.81,58.29,7997,21.90,34.03,5193,33.95,46.83,11547,26.06,31.97,3643,40.80,55.86,11059,24.59,33.10,2750,"..","..",53329,"..","..",34192,36.00,50.03,87521
"2015M10",23.91,43.78,3767,64.84,72.22,16201,32.08,48.37,7277,34.51,49.30,8368,34.27,47.36,3439,30.81,39.13,6225,57.46,65.65,7997,25.23,38.36,5229,34.00,51.25,11695,33.12,39.36,3651,40.85,56.21,11163,28.97,37.58,2821,"..","..",53274,"..","..",34559,38.73,53.60,87833
"2015M11",27.43,50.49,3811,71.64,79.68,16287,35.87,53.13,7306,40.17,57.92,8383,36.60,51.55,3447,32.63,40.77,6301,63.79,72.21,8107,33.17,50.76,5244,39.64,59.22,11712,43.99,52.93,3685,50.42,68.76,11228,42.65,53.24,3230,"..","..",53642,"..","..",35099,44.98,61.78,88741
"2015M12",37.08,53.62,3845,64.91,70.74,16231,41.06,55.22,7288,42.25,54.10,8383,45.91,56.44,3460,31.95,35.88,6327,55.12,60.68,8224,41.71,53.57,5261,43.03,58.26,11953,47.46,54.86,3691,57.65,71.19,11168,42.30,50.99,3226,"..","..",53758,"..","..",35299,47.31,59.20,89057
"2016M01",49.57,64.49,3839,69.30,74.19,16380,50.18,62.22,7272,51.43,60.38,8339,56.13,65.62,3454,38.81,40.41,6328,58.43,63.93,8211,59.46,68.51,5254,48.91,64.13,11953,60.05,67.82,3695,67.32,80.11,11174,52.87,61.47,3246,"..","..",53823,"..","..",35322,55.89,66.16,89145
"2016M02",36.39,63.28,3878,75.68,82.27,16317,46.12,64.40,7274,44.63,60.38,8342,51.99,68.73,3455,40.57,48.93,6320,68.22,75.21,8116,54.27,72.10,5299,48.95,69.42,11738,65.11,75.09,3685,64.35,81.32,11204,59.39,69.20,3249,"..","..",53702,"..","..",35175,55.02,71.18,88877
"2016M03",35.00,59.39,3875,73.01,79.99,16282,43.80,61.36,7286,43.19,59.36,8300,47.75,62.91,3437,39.28,47.05,6196,64.36,71.54,8221,47.65,65.51,5252,45.75,65.90,11464,57.87,67.57,3625,60.75,78.16,11407,58.52,65.94,3249,"..","..",53597,"..","..",34997,52.00,67.93,88594
"2016M04",25.98,45.68,3835,68.12,74.92,16411,35.64,52.36,7273,39.21,55.86,8302,42.19,57.68,3385,31.72,40.33,5962,57.81,66.35,8095,35.39,51.99,5156,38.10,56.99,11763,43.31,54.33,3625,53.35,73.57,11188,43.10,51.31,3249,"..","..",53263,"..","..",34981,44.34,60.60,88244
"2016M05",18.35,32.37,3829,62.31,69.46,16074,24.12,36.82,7417,30.04,44.14,8315,30.65,42.72,3368,24.75,32.33,5924,50.87,59.20,7965,25.38,38.20,4977,31.73,43.50,11450,25.00,32.48,3557,38.47,54.25,11080,27.21,34.13,2803,"..","..",52892,"..","..",33867,34.82,48.27,86759
"2016M06",16.39,30.00,3708,58.21,64.84,16208,26.03,39.52,7447,28.74,41.71,8292,28.56,40.33,3356,25.07,32.86,5962,49.31,56.81,8082,22.39,34.98,4704,28.62,39.33,11567,20.69,27.39,3566,36.79,52.18,11105,20.30,25.85,2746,"..","..",53055,"..","..",33688,32.86,45.66,86743
"2016M07",17.42,31.66,3816,59.98,66.78,16204,26.78,40.75,7480,30.03,43.54,8274,31.40,42.91,3289,30.72,40.67,5967,50.70,58.33,8081,24.33,38.47,4699,33.47,45.95,11481,22.23,29.22,3409,48.37,67.96,11123,20.95,26.12,2732,"..","..",53111,"..","..",33444,36.33,50.35,86555
"2016M08",17.05,32.00,3824,63.24,69.45,16087,25.36,39.49,7479,27.16,39.27,8327,28.23,40.15,3275,30.90,40.40,6004,48.87,56.83,8083,23.85,38.52,4635,30.71,42.81,11557,20.48,27.01,3469,45.90,64.78,11163,20.41,25.61,2700,"..","..",53079,"..","..",33524,35.18,49.13,86603
"2016M09",19.54,36.47,3841,65.94,72.38,16221,29.81,46.52,7368,33.85,48.95,8279,32.99,46.93,3249,31.92,41.03,6017,52.98,60.37,8093,25.56,38.85,4871,34.83,47.39,11611,26.79,32.65,3580,42.65,58.83,11191,25.98,31.47,2726,"..","..",53068,"..","..",33979,38.17,52.28,87047
"2016M10",24.01,44.21,3842,70.44,76.88,16308,34.01,51.26,7422,37.45,53.87,8233,39.04,54.05,3231,30.84,38.95,6022,57.61,65.84,8092,27.66,42.37,4907,35.12,52.92,11757,34.02,40.48,3581,42.35,58.09,11181,31.91,37.81,2754,"..","..",53150,"..","..",34180,40.90,56.32,87330
"2016M11",28.78,51.17,3872,74.75,81.21,16462,38.44,56.29,7439,40.68,58.82,8270,43.42,61.75,3289,33.64,42.46,6010,60.26,67.92,8222,38.23,57.04,5040,39.87,60.22,11750,45.79,53.58,3656,53.85,72.69,11275,49.28,57.04,3125,"..","..",53564,"..","..",34846,47.00,63.86,88410
"2016M12",38.02,54.56,3870,67.91,72.48,16373,43.19,56.96,7435,45.96,57.85,8219,49.59,60.97,3263,36.64,40.02,6059,54.97,60.09,8101,47.59,60.20,4969,40.98,57.35,11373,53.03,59.01,3655,56.54,69.91,11279,47.81,53.85,3143,"..","..",53320,"..","..",34419,49.23,60.97,87739
"2017M01",51.70,64.81,3871,68.88,72.23,16721,53.16,64.10,7183,54.79,64.67,8254,67.27,74.07,3263,40.94,44.05,6055,57.69,63.35,8240,65.98,76.08,4977,45.38,60.13,11734,61.85,69.67,3659,66.50,79.24,11250,55.82,61.36,3182,"..","..",53587,"..","..",34802,57.19,66.85,88389
"2017M02",41.28,67.37,3855,77.01,82.85,16460,49.48,67.76,7312,47.43,63.98,8250,58.27,75.76,3275,42.80,51.74,6045,65.00,72.51,8239,57.89,77.06,5004,47.96,67.89,11941,66.25,76.32,3649,66.81,84.23,11331,64.05,72.00,3171,"..","..",53436,"..","..",35096,57.01,73.00,88532
"2017M03",33.62,60.08,3819,76.78,83.52,16413,44.86,64.93,7385,44.68,62.00,8255,51.45,70.81,3237,42.61,51.12,6034,65.74,74.31,8201,49.58,71.41,4940,44.00,64.00,11941,57.53,66.42,3640,61.36,80.19,11321,56.77,64.87,3171,"..","..",53344,"..","..",35013,53.03,70.29,88357
"2017M04",28.30,49.28,3783,69.42,75.19,16515,38.42,54.91,7468,41.19,56.69,8266,44.63,59.25,3336,33.14,40.51,6036,57.08,64.36,8095,37.83,55.18,4956,40.80,59.32,11974,44.73,53.36,3639,56.04,73.88,11347,46.42,54.79,3171,"..","..",53499,"..","..",35087,46.39,61.64,88586
"2017M05",20.71,38.64,3767,65.04,72.01,16091,25.95,40.10,7433,32.24,45.92,8253,35.87,50.84,3303,28.37,37.14,5875,52.60,60.73,8091,26.94,40.94,4804,33.67,45.46,11919,27.03,32.74,3650,39.03,54.04,11216,28.67,36.29,2836,"..","..",52813,"..","..",34425,36.96,50.73,87238
"2017M06",16.85,31.42,3760,58.25,64.37,16529,26.70,42.09,7366,31.60,43.92,8254,33.01,45.88,3303,28.50,37.46,5892,53.53,61.77,7883,24.22,37.08,4733,30.82,42.08,11604,19.63,24.30,3650,39.08,54.81,11186,21.77,28.38,2759,"..","..",52987,"..","..",33932,34.73,47.83,86919
"2017M07",18.12,34.94,3579,60.87,66.98,16572,26.75,42.58,7275,31.88,46.09,8278,33.16,45.77,3167,31.87,42.60,5833,51.66,59.69,7905,24.72,38.83,4539,34.00,47.61,11481,21.87,26.67,3501,48.88,68.31,10997,20.51,26.91,2648,"..","..",52609,"..","..",33166,37.16,51.65,85775
"2017M08",17.19,33.27,3580,59.43,65.90,16540,24.82,39.80,7383,28.67,41.58,8257,31.27,44.24,3098,29.82,39.75,5840,47.01,54.68,7893,26.72,41.98,4624,32.18,44.04,11721,22.28,27.23,3528,47.74,67.08,10946,23.14,28.75,2671,"..","..",52591,"..","..",33490,35.65,49.54,86081
"2017M09",19.74,37.52,3608,62.14,68.36,16472,29.34,46.20,7461,33.45,47.57,7940,35.67,50.00,3081,34.13,45.04,5887,53.86,61.80,7910,26.82,41.62,4683,36.15,49.21,11847,28.70,34.25,3619,44.13,60.99,11047,25.24,31.50,2748,"..","..",52359,"..","..",33944,38.52,52.77,86303
"2017M10",26.90,48.60,3694,62.58,71.12,16506,34.09,51.55,7460,40.20,56.18,8263,42.66,57.91,3137,34.70,42.91,6133,58.07,65.77,8211,32.34,47.38,4850,37.49,54.42,12447,36.45,41.48,3637,44.47,60.13,11248,35.21,42.29,2762,"..","..",53404,"..","..",34944,42.12,57.03,88348
"2017M11",30.69,55.03,3773,71.96,79.00,16860,40.02,59.50,7452,44.01,63.63,8247,47.70,66.45,3119,35.25,44.68,6092,62.98,71.21,8213,39.27,59.16,4928,42.42,62.10,12085,49.40,56.75,3657,54.31,73.70,11255,50.88,57.29,3137,"..","..",53756,"..","..",35062,48.58,65.65,88818
"2017M12",41.41,60.37,3741,65.45,70.33,16848,44.50,56.99,7535,46.31,58.31,8318,53.39,64.81,3075,36.08,39.52,5888,54.61,59.84,8214,46.31,59.86,4801,43.86,57.53,12164,52.94,56.88,3665,60.41,74.23,11359,52.58,56.68,3149,"..","..",53619,"..","..",35138,50.45,61.58,88757
"2018M01",56.21,69.21,3752,69.02,73.14,17028,52.77,62.53,7561,56.54,67.50,8426,66.16,76.23,3079,40.44,41.94,6094,58.48,63.49,8289,61.28,70.57,4873,51.70,65.00,12042,62.24,66.47,3657,68.59,78.84,11407,60.34,63.34,3128,"..","..",54229,"..","..",35107,58.68,67.50,89336
"2018M02",43.05,70.61,3752,74.60,80.38,17131,47.06,65.80,7499,47.68,65.69,8412,55.59,72.83,3070,41.23,50.14,6103,66.67,73.43,8220,56.96,74.34,4895,52.29,73.29,12138,66.59,72.63,3733,68.60,85.16,11506,66.04,70.97,3186,"..","..",54187,"..","..",35458,57.47,73.08,89645
"2018M03",37.11,61.63,3788,72.89,78.62,17117,44.97,62.41,7490,47.28,63.30,8415,51.26,67.73,3031,41.95,51.17,6104,66.48,73.75,8234,52.39,71.10,4856,49.25,69.24,12205,61.95,68.55,3791,63.80,79.90,11518,61.98,68.04,3186,"..","..",54179,"..","..",35556,54.74,70.11,89735
"2018M04",27.46,47.45,3759,63.08,68.35,17122,35.45,50.93,7482,41.01,56.94,8114,44.67,59.71,2986,33.87,42.29,6079,59.04,66.16,8084,39.39,56.01,4805,42.12,61.27,12206,45.50,52.20,3792,55.90,73.31,11561,47.91,55.12,3186,"..","..",53626,"..","..",35550,45.81,60.55,89176
"2018M05",21.81,39.31,3751,60.33,66.17,17179,27.56,43.02,7547,33.57,47.91,8103,37.32,54.22,3018,30.40,41.17,5775,53.32,60.80,8087,26.54,41.65,4728,34.81,47.38,12126,27.95,34.07,3661,40.56,54.52,11410,30.43,38.26,2838,"..","..",53460,"..","..",34763,37.53,51.20,88223
"2018M06",17.69,32.23,3676,54.31,59.54,17137,26.80,42.40,7413,31.22,44.37,7984,35.60,49.20,3005,28.59,37.92,6040,50.38,57.79,8082,23.28,36.34,4535,30.85,42.02,12095,21.18,25.44,3796,38.56,53.51,11181,22.49,29.98,2720,"..","..",53337,"..","..",34327,34.20,46.78,87664
"2018M07",17.73,31.93,3715,57.07,62.55,17257,26.45,41.13,7434,30.51,43.92,7939,35.90,50.50,3005,33.56,44.84,6022,52.06,59.39,7911,24.43,38.43,4454,34.59,47.97,11791,21.01,25.26,3702,47.96,65.22,11258,24.29,31.13,2593,"..","..",53283,"..","..",33798,36.85,50.40,87081
"2018M08",18.28,33.85,3650,60.65,66.78,17313,26.02,41.20,7460,29.64,43.40,7913,33.20,49.11,3008,32.64,42.25,6145,50.76,58.37,7942,23.10,35.99,4495,33.29,45.99,12084,20.73,25.12,3628,46.12,63.03,11333,22.08,28.54,2623,"..","..",53431,"..","..",34163,36.45,50.22,87594
"2018M09",20.63,38.51,3682,64.85,71.33,17374,29.16,44.90,7546,33.87,48.16,7865,38.93,56.94,2898,34.33,44.36,6182,54.77,62.38,8314,26.45,39.81,4675,32.39,48.79,12182,25.16,29.21,3808,44.29,60.12,11430,27.33,34.76,2783,"..","..",53861,"..","..",34878,38.62,53.33,88739
"2018M10",26.78,47.62,3758,66.38,72.34,17608,34.36,51.21,7588,38.51,54.03,8011,44.32,62.47,2893,35.83,45.51,6236,57.85,65.65,8320,34.58,47.37,4755,38.22,56.38,12333,34.18,39.73,3864,47.05,61.31,11772,35.68,43.43,2813,"..","..",54414,"..","..",35537,43.13,57.84,89951
"2018M11",31.10,54.96,3747,74.91,81.69,17614,39.03,57.74,7561,42.39,60.68,8016,47.84,69.39,2877,37.53,47.53,6199,62.75,70.12,8255,37.76,58.25,4817,43.52,63.59,12442,48.21,55.23,3877,57.11,73.69,11861,50.66,58.01,3143,"..","..",54269,"..","..",36140,49.33,66.18,90409
"2018M12",41.01,57.06,3742,64.63,68.94,17763,43.49,55.45,7471,44.98,57.53,7985,50.85,64.98,2983,36.92,40.37,6200,54.51,59.66,8255,46.06,57.00,4867,44.03,58.60,12493,50.53,56.22,3880,59.46,71.81,11901,52.92,56.95,3183,"..","..",54399,"..","..",36324,49.90,60.76,90723
"2019M01",53.63,67.29,3767,68.05,71.53,17887,53.63,63.83,7402,54.54,63.06,7972,61.27,72.82,2978,42.33,43.65,5989,57.07,61.38,8280,60.46,69.09,4819,48.87,64.52,12493,55.04,58.75,3892,63.92,73.15,11864,56.55,61.36,3184,"..","..",54275,"..","..",36252,56.72,65.46,90527
"2019M02",40.27,63.37,3781,72.96,78.56,18059,46.11,62.92,7602,48.22,64.06,7996,54.72,72.70,2962,42.87,51.15,6195,66.24,72.87,8415,57.90,75.81,4858,51.28,72.66,12511,62.60,68.28,3899,65.98,80.53,11931,65.04,70.25,3210,"..","..",55010,"..","..",36409,56.58,71.37,91419
"2019M03",34.94,58.25,3809,72.07,76.81,17944,44.67,62.29,7588,47.11,63.91,7948,56.52,76.82,2995,41.22,49.81,6210,66.95,73.96,8395,47.14,67.56,4858,47.81,69.03,12485,51.58,58.04,3899,60.71,76.74,11929,56.51,64.60,3210,"..","..",54889,"..","..",36381,53.21,68.81,91270
"2019M04",30.42,49.70,3774,62.02,66.09,17910,38.00,53.37,7485,44.82,59.57,7976,47.71,65.24,2992,35.28,42.86,6210,58.20,64.93,8549,39.88,56.87,4824,42.53,60.58,12603,39.16,46.01,3877,56.22,71.69,11836,45.67,54.06,3210,"..","..",54896,"..","..",36350,46.57,60.28,91246
"2019M05",21.41,37.19,3732,59.10,63.91,17887,26.50,40.63,7463,33.77,47.85,7897,38.89,57.72,2968,27.22,35.48,6140,56.15,64.14,8260,25.97,38.92,4711,34.57,46.94,12366,25.67,31.50,3849,38.72,52.37,11688,30.13,38.25,2830,"..","..",54347,"..","..",35444,37.00,49.98,89791
"2019M06",17.23,27.83,3709,54.36,59.05,17952,27.26,43.58,7391,32.47,46.24,7975,37.37,52.94,2968,27.30,35.60,6082,51.87,59.28,8180,23.16,35.03,4572,30.18,41.23,12492,18.83,22.88,3829,37.34,49.54,11724,22.73,29.03,2772,"..","..",54257,"..","..",35389,34.16,46.15,89646
"2019M07",18.35,30.54,3663,57.61,62.74,17891,27.01,42.88,7358,33.01,46.72,7985,35.93,51.90,2968,32.62,43.26,6055,54.62,61.96,8162,22.89,35.56,4598,33.07,45.27,12450,19.04,23.56,3679,47.71,66.12,11497,24.97,31.99,2763,"..","..",54082,"..","..",34987,37.06,50.60,89069
"2019M08",19.16,32.49,3637,60.74,66.55,17839,26.03,41.35,7328,29.94,43.34,7968,36.05,52.70,2968,31.64,41.81,5982,52.69,59.97,8375,23.79,35.70,4515,33.59,46.18,12372,17.99,21.90,3825,48.39,66.72,11559,24.32,31.90,2727,"..","..",54097,"..","..",34998,37.17,50.92,89095
"2019M09",20.15,36.50,3612,66.50,72.53,18145,30.50,47.80,7404,33.81,48.60,8006,40.42,58.10,2968,33.89,43.85,6383,52.63,59.35,8548,26.76,39.90,4642,32.22,48.30,12378,22.88,26.11,3904,44.57,59.79,11559,28.70,35.37,2824,"..","..",55066,"..","..",35307,38.96,53.41,90373
"Table information:"
"Units:"
"Occupancy rate: Percent, Magnitude = Units"
"Occupancy rate excluding holiday parks: Percent, Magnitude = Units"
"Capacity (stay units) excluding holiday parks: StayUnit, Magnitude = Units"
""
"Footnotes:"
" "
"Symbols:"
".. figure not available"
"C: Confidential"
"E: Early Estimate"
"P: Provisional"
"R: Revised"
"S: Suppressed"
""
"Status flags are not displayed"
""
"Table reference: "
"ACS016AA"
""
"Last updated:"
"Occupancy rate: 14 November 2019 10:45am"
"Occupancy rate excluding holiday parks: 14 November 2019 10:45am"
"Capacity (stay units) excluding holiday parks: 14 November 2019 10:45am"
""
"Source: Statistics New Zealand"
"Contact: Information Centre"
"Telephone: 0508 525 525"
"Email:info@stats.govt.nz"
""
""
""
