"Visitor arrivals by country of residence, purpose and NZ port (Monthly)","","","","","","","","","","","","","","","","","","","","","","","","","","","","","","","","","","","",""
"","TOTAL ALL COUNTRIES OF RESIDENCE","","","","","","","","","","","","","","","","","","","","","","","","","","","","","","","","","","",""
" ","Business","","","","","","","","","Holiday/Vacation","","","","","","","","","Visit Friends/Relatives","","","","","","","","","TOTAL ALL TRAVEL PURPOSES","","","","","","","",""
" ","Auckland airport","Christchurch airport","Dunedin airport","Hamilton airport","Palmerston North airport","Rotorua airport","Wellington airport","Queenstown airport","TOTAL NEW ZEALAND PORTS","Auckland airport","Christchurch airport","Dunedin airport","Hamilton airport","Palmerston North airport","Rotorua airport","Wellington airport","Queenstown airport","TOTAL NEW ZEALAND PORTS","Auckland airport","Christchurch airport","Dunedin airport","Hamilton airport","Palmerston North airport","Rotorua airport","Wellington airport","Queenstown airport","TOTAL NEW ZEALAND PORTS","Auckland airport","Christchurch airport","Dunedin airport","Hamilton airport","Palmerston North airport","Rotorua airport","Wellington airport","Queenstown airport","TOTAL NEW ZEALAND PORTS"
"1978M04",3428,468,0,0,0,0,492,0,4408,10476,4244,0,0,0,0,856,0,15724,2468,480,0,0,0,0,348,0,3324,19856,6240,0,0,0,0,2116,0,28524
"1978M05",2264,524,0,0,0,0,428,0,3236,7168,3268,0,0,0,0,744,0,11220,2420,616,0,0,0,0,516,0,3568,15428,5240,0,0,0,0,2156,0,23060
"1978M06",2136,280,0,0,0,0,384,0,2880,4640,1656,0,0,0,0,352,0,6724,1964,328,0,0,0,0,308,0,2600,11416,2708,0,0,0,0,1252,0,15760
"1978M07",2156,324,0,0,0,0,380,0,2964,6184,3472,0,0,0,0,528,0,10216,2356,408,0,0,0,0,368,0,3144,14072,4900,0,0,0,0,1480,0,20892
"1978M08",2304,536,0,0,0,0,496,0,3416,8236,5216,0,0,0,0,1140,0,14676,2868,700,0,0,0,0,624,0,4204,17960,7900,0,0,0,0,2748,0,28992
"1978M09",2368,708,0,0,0,0,388,0,3544,7244,3340,0,0,0,0,588,0,11232,2024,444,0,0,0,0,316,0,2804,15392,5712,0,0,0,0,1612,0,23048
"1978M10",3060,736,0,0,0,0,664,0,4488,13936,5048,0,0,0,0,820,0,19880,2788,536,0,0,0,0,464,0,3796,24532,7932,0,0,0,0,2300,0,35052
"1978M11",3104,720,0,0,0,0,692,0,4568,15368,6160,0,0,0,0,836,0,22516,5352,704,0,0,0,0,476,0,6532,28544,9148,0,0,0,0,2436,0,40564
"1978M12",2332,600,0,0,0,0,408,0,3348,24292,9688,0,0,0,0,3196,0,37524,12572,2736,0,0,0,0,2668,0,18180,46332,14964,0,0,0,0,7156,0,69304
"1979M01",2520,632,0,0,0,0,396,0,3592,17836,8212,0,0,0,0,1668,0,27968,6340,1368,0,0,0,0,956,0,8680,33380,12412,0,0,0,0,3656,0,49968
"1979M02",2908,604,0,0,0,0,692,0,4228,15776,6048,0,0,0,0,1168,0,23284,4440,716,0,0,0,0,652,0,5896,29256,8868,0,0,0,0,3072,0,42068
"1979M03",3236,552,0,0,0,0,656,0,4460,15048,7896,0,0,0,0,1340,0,24360,3868,804,0,0,0,0,572,0,5256,27224,10948,0,0,0,0,3076,0,41512
"1979M04",2736,564,0,0,0,0,512,0,3832,10908,4896,0,0,0,0,864,0,16760,3500,864,0,0,0,0,884,0,5264,19668,6736,0,0,0,0,2420,0,29272
"1979M05",2768,720,0,0,0,0,632,0,4140,8356,3992,0,0,0,0,912,0,13328,3224,744,0,0,0,0,752,0,4728,16792,6100,0,0,0,0,2692,0,25868
"1979M06",2676,504,0,0,0,0,260,0,3452,5288,1804,0,0,0,0,284,0,7416,2920,672,0,0,0,0,372,0,3972,13736,3308,0,0,0,0,972,0,18216
"1979M07",2784,421,0,0,0,0,412,0,3941,7032,3385,0,0,0,0,552,0,10989,3692,804,0,0,0,0,536,0,5032,15956,4942,0,0,0,0,1616,0,23166
"1979M08",2656,820,0,0,0,0,580,0,4100,9444,6404,0,0,0,0,1200,0,17120,3696,944,0,0,0,0,692,0,5356,18068,8744,0,0,0,0,2692,0,29808
"1979M09",2836,584,0,0,0,0,544,0,3996,9124,4392,0,0,0,0,728,0,14340,2916,616,0,0,0,0,560,0,4104,16908,5996,0,0,0,0,1996,0,25232
"1979M10",3440,864,0,0,0,0,716,0,5032,13540,5848,0,0,0,0,1024,0,20508,3744,688,0,0,0,0,576,0,5024,22744,8280,0,0,0,0,2480,0,33780
"1979M11",4048,824,0,0,0,0,896,0,5832,17564,6640,0,0,0,0,1040,0,25432,7592,824,0,0,0,0,764,0,9200,31768,8900,0,0,0,0,2844,0,43916
"1979M12",2412,552,0,0,0,0,488,0,3860,24648,8980,0,0,0,0,2280,0,36280,18508,3636,0,0,0,0,2876,0,25312,48824,13600,0,0,0,0,5844,0,69576
"1980M01",2788,600,0,0,0,0,480,0,4588,18936,7176,0,0,0,0,1416,0,27912,8364,1376,0,0,0,0,1080,0,10860,33820,9832,0,0,0,0,3112,0,48224
"1980M02",4073,988,0,0,0,0,876,0,6369,20960,7876,0,0,0,0,1640,0,30580,7528,1312,0,0,0,0,1064,0,9912,35669,10872,0,0,0,0,3832,0,51353
"1980M03",3876,764,0,0,0,0,812,0,5600,20564,7792,0,0,0,0,1460,0,29984,5528,1012,0,0,0,0,896,0,7472,32740,10000,0,0,0,0,3356,0,46784
"1980M04",3136,652,0,0,0,0,637,0,4489,11821,4684,0,0,0,0,1288,0,17865,4129,840,0,0,0,0,804,0,5793,21518,6436,0,0,0,0,2914,0,31284
"1980M05",3132,688,0,0,0,0,644,0,4492,8472,3588,0,0,0,0,940,0,13096,3741,1000,0,0,0,0,780,0,5533,17753,5756,0,0,0,0,2604,0,26681
"1980M06",3472,448,0,0,0,0,436,0,4452,7281,2244,0,0,0,0,416,0,9973,3896,904,0,0,0,0,736,0,5548,16861,3868,0,0,0,0,1684,0,22817
"1980M07",3340,524,0,0,0,0,468,0,4748,8168,3812,0,0,0,0,416,0,12424,4076,908,0,0,0,0,536,0,5532,18624,5576,0,0,0,0,1544,0,26944
"1980M08",3168,636,0,0,0,0,468,0,4380,10745,6352,0,0,0,0,1152,0,18293,4008,1097,0,0,0,0,756,0,5873,21245,8493,0,0,0,0,2640,0,32902
"1980M09",3373,592,0,0,0,0,600,0,4733,8928,3844,0,0,0,0,632,0,13476,3340,652,0,0,0,0,560,0,4568,17899,5348,0,0,0,0,1916,0,25567
"1980M10",4424,724,0,0,0,0,672,0,5868,14696,5764,0,0,0,0,764,0,21328,4569,832,0,0,0,0,680,0,6089,26805,7680,0,0,0,0,2284,0,37113
"1980M11",4284,776,0,0,0,0,788,0,5972,20060,5764,0,0,0,0,1152,0,27184,6272,884,0,0,0,0,684,0,7848,33596,7820,0,0,0,0,2768,0,44788
"1980M12",2436,504,0,0,0,0,460,0,3988,24468,8420,0,0,0,0,2281,0,35481,19104,3973,0,0,0,0,2928,0,26173,50148,13309,0,0,0,0,5989,0,70706
"1981M01",2781,580,0,0,0,0,572,0,4417,19888,7864,0,0,0,0,1332,0,29236,7737,1296,0,0,0,0,1116,0,10173,34451,10708,0,0,0,0,3252,0,49699
"1981M02",3684,1120,0,0,0,0,464,0,5348,20156,6464,0,0,0,0,1004,0,27792,8692,1246,0,0,0,0,821,0,10811,36048,9550,0,0,0,0,2493,0,48783
"1981M03",4408,684,0,0,0,0,612,0,5836,18677,7836,0,0,0,0,1032,0,27941,6308,1179,0,0,0,0,820,0,8499,32213,10103,0,0,0,0,2636,0,46172
"1981M04",3648,872,0,0,0,0,648,0,5200,13329,4720,0,0,0,0,680,0,18793,4741,1088,0,0,0,0,862,0,6703,24298,7072,0,0,0,0,2306,0,33932
"1981M05",3645,604,0,0,0,0,580,0,4873,9717,3948,0,0,0,0,841,0,14526,4390,1020,0,0,0,0,848,0,6274,20300,5980,0,0,0,0,2561,0,29105
"1981M06",3736,504,0,0,0,0,624,0,5052,7084,2592,0,0,0,0,524,0,10224,4237,958,0,0,0,0,812,0,6007,17173,4294,0,0,0,0,2128,0,24159
"1981M07",3796,548,0,0,0,0,452,0,5292,8950,4821,0,0,0,0,508,0,14327,4346,909,0,0,0,0,604,0,5863,19589,6547,0,0,0,0,1757,0,29089
"1981M08",3565,928,0,0,0,0,604,0,5161,10914,6084,0,0,0,0,1076,0,18102,4442,1092,0,0,0,0,708,0,6254,21754,8516,0,0,0,0,2636,0,33134
"1981M09",3304,757,0,0,0,0,576,0,4757,10845,4897,0,0,0,0,608,0,16374,3133,736,0,0,0,0,612,0,4493,19965,6814,0,0,0,0,1908,0,29011
"1981M10",4318,960,0,0,0,0,668,0,5970,16492,5992,0,0,0,0,892,0,23540,4489,900,0,0,0,0,616,0,6029,28147,8372,0,0,0,0,2364,0,39303
"1981M11",4600,752,0,0,0,0,748,0,6252,18500,6868,0,0,0,0,1040,0,26604,7154,1078,0,0,0,0,764,0,9004,32626,9078,0,0,0,0,2656,0,44924
"1981M12",2640,568,0,0,0,0,464,0,4152,23505,8124,0,0,0,0,2548,0,34573,20369,4129,0,0,0,0,3127,0,27861,49342,13357,0,0,0,0,6311,0,70726
"1982M01",3168,624,0,0,0,0,552,0,4584,19569,6816,0,0,0,0,1164,0,27837,9894,1517,0,0,0,0,1216,0,12659,36247,9889,0,0,0,0,3068,0,50300
"1982M02",4613,1020,0,0,0,0,597,0,6370,19184,6340,0,0,0,0,696,0,26452,7617,1324,0,0,0,0,968,0,9921,34158,9248,0,0,0,0,2377,0,46463
"1982M03",4735,748,0,0,0,0,792,0,6387,17764,6460,0,0,0,0,564,0,24972,6016,1124,0,0,0,0,740,0,7920,31011,8640,0,0,0,0,2200,0,42435
"1982M04",4301,476,0,0,0,0,628,0,5693,14996,5100,0,0,0,0,924,0,21080,5629,1077,0,0,0,0,824,0,7558,27466,6897,0,0,0,0,2484,0,37339
"1982M05",4128,540,0,0,0,0,592,0,5372,10244,3388,0,0,0,0,640,0,14312,4504,908,0,0,0,0,784,0,6200,21648,5140,0,0,0,0,2244,0,29408
"1982M06",4002,548,0,0,0,0,448,0,5194,7432,2780,0,0,0,0,504,0,10740,4528,920,0,0,0,0,680,0,6132,18103,4476,0,0,0,0,1760,0,24699
"1982M07",3912,832,0,0,0,0,444,0,5500,9864,4996,0,0,0,0,500,0,15388,4740,968,0,0,0,0,672,0,6384,21016,7080,0,0,0,0,1732,0,30412
"1982M08",4332,708,0,0,0,0,488,0,5536,11509,7072,0,0,0,0,708,0,19305,4625,1056,0,0,0,0,852,0,6561,23723,9388,0,0,0,0,2176,0,35463
"1982M09",4184,480,0,0,0,0,480,0,5368,11194,5072,0,0,0,0,612,0,16926,3678,666,0,0,0,0,640,0,5000,21472,6434,0,0,0,0,1816,0,30226
"1982M10",4948,728,0,0,0,0,516,0,6236,16580,5516,0,0,0,0,728,0,22932,4800,924,0,0,0,0,674,0,6410,28564,7416,0,0,0,0,2042,0,38294
"1982M11",4628,648,0,0,0,0,568,0,6224,19084,5968,0,0,0,0,732,0,25948,8191,1016,0,0,0,0,751,0,9978,34051,7916,0,0,0,0,2119,0,44954
"1982M12",3065,416,0,0,0,0,540,0,4533,25149,7301,0,0,0,0,2173,0,34843,21463,3999,0,0,0,0,3164,0,28850,52383,11997,0,0,0,0,5973,0,71733
"1983M01",3732,848,0,0,0,0,528,0,5356,19800,5928,0,0,0,0,988,0,26857,10780,1512,0,0,0,0,1152,0,13456,37625,8796,0,0,0,0,2844,0,50086
"1983M02",4948,912,0,0,0,0,704,0,6768,20392,6184,0,0,0,0,828,0,27972,7396,1308,0,0,0,0,928,0,9664,35328,9025,0,0,0,0,2604,0,48477
"1983M03",4548,528,0,0,0,0,596,0,5872,21013,6936,0,0,0,0,780,0,28909,6517,1181,0,0,0,0,820,0,8566,34622,8977,0,0,0,0,2276,0,46567
"1983M04",4284,616,0,0,0,0,536,0,5692,15304,4968,0,0,0,0,768,0,21092,5124,800,0,0,0,0,720,0,6664,26676,6628,0,0,0,0,2088,0,35892
"1983M05",4089,472,0,0,0,0,368,0,5117,11397,3544,0,0,0,0,456,0,15469,4373,884,0,0,0,0,716,0,5985,22067,5200,0,0,0,0,1680,0,29343
"1983M06",4056,508,0,0,0,0,480,0,5220,9476,2300,0,0,0,0,484,0,12284,4764,880,0,0,0,0,724,0,6388,20384,4040,0,0,0,0,1772,0,26708
"1983M07",4378,456,0,0,0,0,424,0,5334,12356,5492,0,0,0,0,648,0,18552,5798,964,0,0,0,0,688,0,7466,25196,7084,0,0,0,0,1920,0,34600
"1983M08",4360,436,0,0,0,0,560,0,5384,13500,6564,0,0,0,0,708,0,20792,5001,776,0,0,0,0,688,0,6481,26197,8012,0,0,0,0,2024,0,36401
"1983M09",3968,576,0,0,0,0,488,0,5384,13572,5632,0,0,0,0,572,0,19828,4108,744,0,0,0,0,576,0,5432,24196,7164,0,0,0,0,1788,0,33776
"1983M10",5624,764,0,0,0,0,404,0,6884,18648,5804,0,0,0,0,520,0,25020,5260,964,0,0,0,0,552,0,6784,32554,7840,0,0,0,0,1580,0,42426
"1983M11",5256,588,0,0,0,0,480,0,6684,20931,6608,0,0,0,0,556,0,28335,8229,1024,0,0,0,0,612,0,9908,36628,8408,0,0,0,0,1720,0,47551
"1983M12",3192,548,0,0,0,0,324,0,4820,27966,7972,0,0,0,0,1868,0,38154,22287,3964,0,0,0,0,3128,0,29535,56514,12752,0,0,0,0,5512,0,76638
"1984M01",3844,420,0,0,0,0,464,0,4828,20788,6400,0,0,0,0,936,0,28256,11060,1484,0,0,0,0,1160,0,13744,38849,8848,0,0,0,0,2652,0,50805
"1984M02",5716,936,0,0,0,0,532,0,7472,22758,7749,0,0,0,0,664,0,31387,7638,1492,0,0,0,0,872,0,10038,38624,10773,0,0,0,0,2160,0,52441
"1984M03",6024,684,0,0,0,0,544,0,7572,23424,8500,0,0,0,0,840,0,32908,6556,1032,0,0,0,0,752,0,8368,38468,10488,0,0,0,0,2248,0,51860
"1984M04",4988,752,0,0,0,0,396,0,6332,19805,6348,0,0,0,0,888,0,27081,6936,1408,0,0,0,0,908,0,9256,34253,8764,0,0,0,0,2260,0,45661
"1984M05",4884,716,0,0,0,0,432,0,6240,12760,4272,0,0,0,0,776,0,17824,5244,1044,0,0,0,0,676,0,6968,25848,6340,0,0,0,0,1968,0,34516
"1984M06",4608,468,0,0,0,0,452,0,5560,11158,3492,0,0,0,0,704,0,15366,5753,1148,0,0,0,0,764,0,7669,23911,5368,0,0,0,0,2000,0,31611
"1984M07",4528,1048,0,0,0,0,396,0,6048,11416,6572,0,0,0,0,488,0,18508,6112,1204,0,0,0,0,636,0,7960,24452,9348,0,0,0,0,1568,0,35560
"1984M08",4377,744,0,0,0,0,488,0,5621,14788,7656,0,0,0,0,756,0,23200,5396,876,0,0,0,0,696,0,6972,27433,9720,0,0,0,0,2060,0,39301
"1984M09",4692,656,0,0,0,0,528,0,6020,14764,6500,0,0,0,0,484,0,21856,4832,716,0,0,0,0,624,0,6184,26712,8304,0,0,0,0,1716,0,37164
"1984M10",5896,664,0,0,0,0,560,0,7388,21032,7208,0,0,0,0,632,0,28912,5572,744,0,0,0,0,668,0,6988,35700,8956,0,0,0,0,2008,0,47088
"1984M11",6236,748,0,0,0,0,640,0,7916,26245,8565,0,0,0,0,644,0,35766,7700,1052,0,0,0,0,672,0,9440,43029,10717,0,0,0,0,2084,0,56558
"1984M12",3752,572,0,0,0,0,384,0,5444,33105,9624,0,0,0,0,2014,0,45127,23090,4338,0,0,0,0,2862,0,30578,62987,14899,0,0,0,0,5396,0,85046
"1985M01",4008,556,0,0,0,0,348,0,5116,24523,7904,0,0,0,0,904,0,33475,11290,1596,0,0,0,0,1068,0,13990,43677,10492,0,0,0,0,2416,0,57417
"1985M02",6224,892,0,0,0,0,528,0,7676,29544,9044,0,0,0,0,1028,0,40352,8973,1380,0,0,0,0,1064,0,11481,47937,12152,0,0,0,0,2728,0,63805
"1985M03",6364,728,0,0,0,0,716,0,8064,29448,10644,0,0,0,0,1020,0,41400,7860,1284,0,0,0,0,912,0,10100,46860,12952,0,0,0,0,2752,0,63268
"1985M04",6089,576,0,0,0,0,552,0,7317,23221,8112,0,0,0,0,1013,0,32438,6736,1212,0,0,0,0,840,0,8800,38814,10224,0,0,0,0,2517,0,52035
"1985M05",5188,648,0,0,0,0,472,0,6372,15456,5976,0,0,0,0,700,0,22152,6208,1208,0,0,0,0,920,0,8340,30204,8128,0,0,0,0,2292,0,40792
"1985M06",5480,640,0,0,0,0,496,0,6648,15500,4190,0,0,0,0,760,0,20478,6698,1380,0,0,0,0,792,0,8878,30603,6435,0,0,0,0,2145,0,39359
"1985M07",4844,572,0,0,0,0,612,0,6076,13456,6332,0,0,0,0,708,0,20516,6432,944,0,0,0,0,676,0,8060,28696,8320,0,0,0,0,2120,0,39396
"1985M08",5872,624,0,0,0,0,728,0,7324,18100,10356,0,0,0,0,1224,0,29732,6132,1156,0,0,0,0,768,0,8088,34127,12432,0,0,0,0,2908,0,49867
"1985M09",5224,540,0,0,0,0,832,0,6784,17125,7828,0,0,0,0,696,0,25677,5220,912,0,0,0,0,688,0,6820,30499,9508,0,0,0,0,2344,0,42707
"1985M10",6225,576,0,0,0,0,1056,0,7949,24804,8540,0,0,0,0,880,0,34296,6201,1092,0,0,0,0,768,0,8081,40538,10504,0,0,0,0,2932,0,54258
"1985M11",7320,828,0,0,0,0,984,0,9384,34176,9940,0,0,0,0,1520,0,45904,9730,1229,0,0,0,0,888,0,11879,54818,12265,0,0,0,0,3488,0,71207
"1985M12",3976,592,0,0,0,0,536,0,5524,40290,10188,0,0,0,0,2448,0,53150,24897,4696,0,0,0,0,3460,0,33113,72159,15884,0,0,0,0,6552,0,95447
"1986M01",4384,636,0,0,0,0,524,0,5752,29676,9016,0,0,0,0,1292,0,40624,11650,1840,0,0,0,0,1260,0,14782,50790,11996,0,0,0,0,3280,0,67178
"1986M02",6112,944,0,0,0,0,840,0,8016,33400,9576,0,0,0,0,1136,0,44792,9219,1280,0,0,0,0,1108,0,11719,52867,12468,0,0,0,0,3188,0,69783
"1986M03",6277,660,0,0,0,0,1032,0,8169,31108,9700,0,0,0,0,1225,0,42541,9148,1492,0,0,0,0,1249,0,11921,50222,12188,0,0,0,0,3638,0,67044
"1986M04",6236,668,0,0,0,0,920,0,8108,26945,7864,0,0,0,0,1208,0,36045,6676,1196,0,0,0,0,1080,0,8960,43165,10096,0,0,0,0,3364,0,57089
"1986M05",5635,615,0,0,0,0,785,0,7210,15380,5315,0,0,0,0,975,0,21730,6545,1145,0,0,0,0,1040,0,8750,30255,7415,0,0,0,0,2940,0,41080
"1986M06",5170,595,0,0,0,0,900,0,6930,15010,3825,0,0,0,0,730,0,19605,6861,1075,0,0,0,0,1025,0,8971,30521,5795,0,0,0,0,2740,0,39461
"1986M07",5310,560,0,0,0,0,855,0,6885,16615,5540,0,0,0,0,705,0,22870,7221,1225,0,0,0,0,780,0,9231,32656,7630,0,0,0,0,2490,0,43041
"1986M08",5955,780,0,0,0,0,940,0,7750,19456,8161,0,0,0,0,1230,0,28887,6680,1200,0,0,0,0,905,0,8795,36106,10711,0,0,0,0,3400,0,50437
"1986M09",5655,670,0,0,0,0,880,0,7255,21521,7090,0,0,0,0,875,0,29501,6305,940,0,0,0,0,765,0,8025,36756,9260,0,0,0,0,2660,0,48836
"1986M10",5112,624,0,0,0,0,882,0,6966,26622,9168,0,0,0,0,1248,0,37314,7008,1440,0,0,0,0,1206,0,9696,44004,12126,0,0,0,0,3744,0,60612
"1986M11",6132,930,0,0,0,0,972,0,8346,37320,12066,0,0,0,0,1920,0,51966,10200,1626,0,0,0,0,1417,0,13261,58170,15408,0,0,0,0,4663,0,79483
"1986M12",3450,498,0,0,0,0,624,0,5070,45318,11088,0,0,0,0,2346,0,59544,29088,4806,0,0,0,0,3534,0,37452,83514,17424,0,0,0,0,6858,0,109380
"1987M01",3966,480,0,0,0,0,636,0,5142,35988,10152,0,0,0,0,1434,0,48660,12486,1890,0,0,0,0,1338,0,15738,58626,13560,0,0,0,0,3804,0,77730
"1987M02",5760,1104,0,0,0,0,960,0,7998,37128,12828,0,0,0,0,1416,0,52626,12222,1848,0,0,0,0,1152,0,15330,62592,17262,0,0,0,0,3984,0,85908
"1987M03",6210,870,0,0,0,0,1074,0,8592,28890,10080,0,0,0,0,1182,0,40908,10272,2010,0,0,0,0,1116,0,13410,50916,13902,0,0,0,0,3750,0,70152
"1987M04",4980,492,0,0,0,0,822,0,6624,26412,9528,0,0,0,0,1104,0,37110,9744,1878,0,0,0,0,1500,0,13158,45594,12906,0,0,0,0,3690,0,62820
"1987M05",5640,810,0,0,0,0,900,0,7626,17064,5184,0,0,0,0,732,0,23040,7170,1074,0,0,0,0,930,0,9174,36660,8022,0,0,0,0,3060,0,48180
"1987M06",5852,728,0,0,0,0,1050,0,8099,17059,4228,0,0,0,0,847,0,22148,7371,1554,0,0,0,0,1015,0,9947,35945,7182,0,0,0,0,3262,0,47103
"1987M07",5280,600,0,0,0,0,880,0,7208,19320,7192,0,0,0,0,1112,0,27632,8832,1688,0,0,0,0,1112,0,11640,39552,10360,0,0,0,0,3400,0,54048
"1987M08",5976,768,0,0,0,0,1064,0,7952,19584,7392,0,0,0,0,712,0,27712,7408,1256,0,0,0,0,1048,0,9720,39608,10536,0,0,0,0,3200,0,53600
"1987M09",5456,624,0,0,0,0,1048,0,7176,23712,9976,0,0,0,0,1376,0,35080,7576,1424,0,0,0,0,1104,0,10104,42984,13112,0,0,0,0,3952,0,60240
"1987M10",6224,768,0,0,0,0,1184,0,8384,31776,11688,0,0,0,0,1112,0,44656,10464,1672,0,0,0,0,1304,0,13480,56528,15848,0,0,0,0,3880,0,76776
"1987M11",7660,960,0,0,0,0,1140,0,10180,38840,13800,0,0,0,0,1480,0,54360,13320,2100,0,0,0,0,1470,0,16900,68250,18630,0,0,0,0,4590,0,92300
"1987M12",3718,627,0,0,0,0,660,0,5137,40623,11385,0,0,0,0,2266,0,55099,33110,5808,0,0,0,0,4631,0,43648,86790,19349,0,0,0,0,8041,0,115456
"1988M01",4884,748,0,0,0,0,660,0,6490,34672,9746,0,0,0,0,1166,0,47124,16632,2651,0,0,0,0,1628,0,20999,63349,14399,0,0,0,0,3729,0,83545
"1988M02",7497,855,0,0,0,0,1107,0,9603,35361,10404,0,0,0,0,1035,0,47817,14166,2241,0,0,0,0,1701,0,18252,64449,15030,0,0,0,0,4401,0,85689
"1988M03",6534,1332,0,0,0,0,1278,0,9369,26847,9864,0,0,0,0,1395,0,38187,13671,2340,0,0,0,0,1863,0,17910,54684,15210,0,0,0,0,5193,0,75735
"1988M04",5800,808,0,0,0,0,920,0,7592,23328,7928,0,0,0,0,840,0,32136,9360,1792,0,0,0,0,1440,0,12600,45248,11544,0,0,0,0,3600,0,60824
"1988M05",6507,657,0,0,0,0,1035,0,8433,17964,4581,0,0,0,0,765,0,23346,7470,1350,0,0,0,0,1179,0,10026,38295,7335,0,0,0,0,3519,0,49761
"1988M06",6632,664,0,0,0,0,872,0,8544,17464,3760,0,0,0,0,760,0,22008,9008,1568,0,0,0,0,1320,0,11928,39992,6824,0,0,0,0,3424,0,51344
"1988M07",5994,729,0,0,0,0,1053,0,8028,22077,6894,0,0,0,0,630,0,29655,9999,1836,0,0,0,0,1287,0,13122,46152,10404,0,0,0,0,3348,0,60480
"1988M08",6330,790,0,0,0,0,890,0,8200,21160,6990,0,0,0,0,750,0,28920,9350,1520,0,0,0,0,1080,0,11950,44020,10630,0,0,0,0,3300,0,58320
"1988M09",6210,890,0,0,0,0,940,0,8090,24700,8510,0,0,0,0,1300,0,34520,9900,1930,0,0,0,0,1140,0,12970,48170,12630,0,0,0,0,3980,0,64920
"1988M10",6996,891,0,0,0,0,1441,0,9372,30932,9834,0,0,0,0,1166,0,41987,10252,1947,0,0,0,0,1122,0,13321,57640,14080,0,0,0,0,4279,0,76208
"1988M11",7667,1012,0,0,0,0,1342,0,10054,32769,10472,0,0,0,0,1221,0,44748,13255,2464,0,0,0,0,1595,0,17336,61479,15367,0,0,0,0,4653,0,82082
"1988M12",4510,605,0,0,0,0,704,0,5951,37807,10417,0,0,0,0,2178,0,50864,34815,6688,0,0,0,0,4961,0,46475,86350,19250,0,0,0,0,8426,0,115984
"1989M01",5445,847,0,0,0,0,583,0,7051,31174,9372,0,0,0,0,847,0,41569,15499,2420,0,0,0,0,1342,0,19283,60577,14773,0,0,0,0,3190,0,79794
"1989M02",7272,1251,0,0,0,0,1359,0,10071,36621,10161,0,0,0,0,1215,0,49203,14301,2385,0,0,0,0,1989,0,18747,66015,16011,0,0,0,0,5013,0,89451
"1989M03",6651,954,0,0,0,0,1134,0,8838,29205,9081,0,0,0,0,1386,0,40293,14544,2916,0,0,0,0,2106,0,19575,58131,14148,0,0,0,0,4950,0,78354
"1989M04",7407,819,0,0,0,0,1224,0,9594,23157,7884,0,0,0,0,684,0,31743,11349,1890,0,0,0,0,1323,0,14580,49329,11682,0,0,0,0,3609,0,65079
"1989M05",6948,738,0,0,0,0,1260,0,8982,15174,4140,0,0,0,0,549,0,19890,9414,1386,0,0,0,0,1152,0,11961,36945,7227,0,0,0,0,3357,0,47862
"1989M06",5922,909,0,0,0,0,918,0,7965,17091,5508,0,0,0,0,747,0,23364,9873,2520,0,0,0,0,1818,0,14229,39969,10170,0,0,0,0,3915,0,55107
"1989M07",6520,950,0,0,0,0,970,0,8700,21410,8440,0,0,0,0,780,0,30640,10150,2450,0,0,0,0,1260,0,13860,45410,12950,0,0,0,0,3460,0,63010
"1989M08",6556,957,0,0,0,0,1034,0,8580,21747,9658,0,0,0,0,605,0,32032,10637,2145,0,0,0,0,1232,0,14025,46761,14652,0,0,0,0,3311,0,64889
"1989M09",6303,990,0,0,0,0,1001,0,8316,24871,10725,0,0,0,0,1023,0,36641,9339,2310,0,0,0,0,1639,0,13288,49720,15851,0,0,0,0,4125,0,69817
"1989M10",7623,814,0,0,0,0,1089,0,9548,28226,9251,0,0,0,0,1012,0,38555,10549,2365,0,0,0,0,1254,0,14168,55803,14421,0,0,0,0,3795,0,74272
"1989M11",8160,1210,0,0,0,0,1120,0,10580,34210,12200,0,0,0,0,820,0,47540,13720,3220,0,0,0,0,1410,0,18390,64920,17990,0,0,0,0,3750,0,87350
"1989M12",5005,759,0,0,0,0,847,0,6809,41888,13838,0,0,0,0,2211,0,58146,35475,7975,0,0,0,0,4664,0,48158,92708,23991,0,0,0,0,8294,0,126093
"1990M01",5808,984,0,0,0,0,732,0,8436,38616,10884,0,0,0,0,1344,0,51204,15060,3696,0,0,0,0,1680,0,20436,73332,17796,0,0,0,0,4284,0,98232
"1990M02",7520,1180,0,0,0,0,1050,0,10300,36410,11680,0,0,0,0,1250,0,49660,16110,3680,0,0,0,0,1720,0,21670,68880,18490,0,0,0,0,4620,0,93600
"1990M03",8360,1490,0,0,0,0,1370,0,11300,33570,10490,0,0,0,0,860,0,45130,14840,3350,0,0,0,0,1910,0,20110,65390,17190,0,0,0,0,4680,0,88120
"1990M04",6867,1161,0,0,0,0,963,0,9018,27882,8514,0,0,0,0,1080,0,37494,14850,2664,0,0,0,0,1881,0,19395,58932,14517,0,0,0,0,4347,0,78138
"1990M05",7128,900,0,0,0,0,1035,0,9099,18675,5256,0,0,0,0,441,0,24390,9774,1764,0,0,0,0,1080,0,12618,42642,9171,0,0,0,0,3213,0,55242
"1990M06",6642,909,0,0,0,0,909,0,9603,17172,5373,0,0,0,0,693,0,23238,11232,1827,0,0,0,0,1278,0,14355,42534,9315,0,0,0,0,3330,0,57438
"1990M07",6732,1089,0,0,0,0,891,0,9163,23199,10153,0,0,0,0,638,0,34001,11220,2145,0,0,0,0,1210,0,14586,49885,14663,0,0,0,0,2981,0,68288
"1990M08",6743,1122,0,0,0,0,990,0,8877,22847,10175,0,0,0,0,1397,0,34419,11110,2035,0,0,0,0,1276,0,14432,50171,14795,0,0,0,0,4301,0,69432
"1990M09",6090,1040,0,0,0,0,830,0,7980,24620,10370,0,0,0,0,720,0,35740,10200,2160,0,0,0,0,1410,0,13770,49120,15330,0,0,0,0,3450,0,68030
"1990M10",7403,1265,0,0,0,0,1056,0,9801,32252,10450,0,0,0,0,968,0,43846,11990,2442,0,0,0,0,1485,0,15939,60324,15576,0,0,0,0,3982,0,80355
"1990M11",7590,1331,0,0,0,0,1056,0,10098,38885,12144,0,0,0,0,1309,0,52635,14245,2728,0,0,0,0,1397,0,18425,69564,18007,0,0,0,0,4400,0,92631
"1990M12",4584,744,0,0,0,0,504,0,6708,41904,14088,0,0,0,0,1740,0,57924,37692,7032,0,0,0,0,4308,0,49080,94536,23256,0,0,0,0,6960,0,126504
"1991M01",4800,732,0,0,0,0,636,0,7092,35724,10140,0,0,0,0,912,0,47244,17472,3348,0,0,0,0,1704,0,22524,67164,15684,0,0,0,0,3588,0,88584
"1991M02",6290,940,0,0,0,0,860,0,8200,40360,11730,0,0,0,0,1010,0,54420,16350,3050,0,0,0,0,1520,0,20970,70940,17260,0,0,0,0,3810,0,94010
"1991M03",6230,1120,0,0,0,0,850,0,8260,33650,10900,0,0,0,0,1110,0,46240,16890,3090,0,0,0,0,1940,0,21940,66330,16950,0,0,0,0,4140,0,88410
"1991M04",6996,1067,0,0,0,0,880,0,8976,23210,7524,0,0,0,0,484,0,31229,9966,1958,0,0,0,0,1023,0,12958,48180,11605,0,0,0,0,2684,0,62645
"1991M05",6510,900,0,0,0,0,720,0,8220,18160,5300,0,0,0,0,340,0,23840,10320,1860,0,0,0,0,1260,0,13450,42690,9280,0,0,0,0,2910,0,55230
"1991M06",5816,960,0,0,0,0,752,0,8112,20168,5800,0,0,0,0,584,0,26568,10736,1840,0,0,0,0,1184,0,13768,44520,9640,0,0,0,0,2752,0,58256
"1991M07",5970,1000,0,0,0,0,820,0,8160,25000,9090,0,0,0,0,570,0,34670,12790,2540,0,0,0,0,1210,0,16560,52380,13700,0,0,0,0,2860,0,69860
"1991M08",6578,891,0,0,0,0,682,0,8162,24299,9251,0,0,0,0,605,0,34177,11781,2255,0,0,0,0,1353,0,15411,52195,13926,0,0,0,0,3058,0,69399
"1991M09",6490,869,0,0,0,0,825,0,8250,27841,9152,0,0,0,0,572,0,37609,10549,1859,0,0,0,0,1023,0,13464,54054,13332,0,0,0,0,2849,0,70587
"1991M10",6996,1210,0,0,0,0,781,0,9009,33737,10923,0,0,0,0,803,0,45562,12936,2574,0,0,0,0,1342,0,16863,62238,15554,0,0,0,0,3289,0,81389
"1991M11",8195,1232,0,0,0,0,979,0,10505,42152,13288,0,0,0,0,1023,0,56804,16005,2772,0,0,0,0,1353,0,20174,75933,18216,0,0,0,0,4026,0,98956
"1991M12",5256,660,0,0,0,0,564,0,6672,45732,12612,0,0,0,0,1176,0,59640,39504,5844,0,0,0,0,3072,0,48480,99996,20208,0,0,0,0,5220,0,126144
"1992M01",4979,702,0,0,0,0,507,0,6773,39182,9789,0,0,0,0,741,0,49868,21216,2847,0,0,0,0,1417,0,25506,73879,14287,0,0,0,0,3237,0,92612
"1992M02",8220,1390,0,0,0,0,1030,0,11310,49010,13960,0,0,0,0,660,0,64890,22700,3040,0,0,0,0,1950,0,27860,89330,19700,0,0,0,0,3980,0,115790
"1992M03",9394,1298,0,0,0,0,1287,0,12089,40271,11858,0,0,0,0,913,0,54417,17237,2640,0,0,0,0,1430,0,21351,75757,16984,0,0,0,0,3993,0,98846
"1992M04",6240,1120,0,0,0,0,720,0,8090,31850,9180,0,0,0,0,950,0,42010,16630,2780,0,0,0,0,1670,0,21090,61580,14030,0,0,0,0,3650,0,79520
"1992M05",6990,1020,0,0,0,0,900,0,8960,22990,6050,0,0,0,0,500,0,29600,11410,2230,0,0,0,0,1500,0,15150,47890,10180,0,0,0,0,3390,0,61880
"1992M06",7160,1110,0,0,0,0,830,0,9580,20240,5520,0,0,0,0,570,0,26410,11040,2140,0,0,0,0,1270,0,14480,44770,9420,0,0,0,0,2970,0,58180
"1992M07",6886,1012,0,0,0,0,836,0,8987,30085,10307,0,0,0,0,1199,0,41602,15488,1980,0,0,0,0,1529,0,18997,60819,14377,0,0,0,0,4070,0,80201
"1992M08",7249,1056,0,0,0,0,924,0,9383,26301,9911,0,0,0,0,693,0,36938,10461,1903,0,0,0,0,1309,0,13706,52052,14223,0,0,0,0,3388,0,70037
"1992M09",6816,840,0,0,0,0,816,0,8676,26280,11112,0,0,0,0,648,0,38100,11580,2280,0,0,0,0,1380,0,15264,51612,15276,0,0,0,0,3156,0,70704
"1992M10",7623,1540,0,0,0,0,913,0,10131,34430,10846,0,0,0,0,594,0,45947,13354,2442,0,0,0,0,1551,0,17358,63943,16038,0,0,0,0,3399,0,83699
"1992M11",9108,1368,0,0,0,0,972,0,11628,42780,15300,0,0,0,0,924,0,59520,16740,3060,0,0,0,0,1380,0,21228,77376,21036,0,0,0,0,3684,0,103356
"1992M12",5328,732,0,0,0,0,588,0,6768,51348,16548,0,0,0,0,1704,0,70356,39708,6564,0,0,0,0,3636,0,49908,107520,25272,0,0,0,0,6564,0,140856
"1993M01",5736,768,0,0,0,0,588,0,7956,50892,15792,0,0,0,0,1164,0,68148,18948,3060,0,0,0,0,1536,0,23556,85572,21084,0,0,0,0,3552,0,112104
"1993M02",8700,1164,0,0,0,0,1116,0,11976,50976,17532,0,0,0,0,1308,0,71292,17976,3024,0,0,0,0,1680,0,22764,87708,23544,0,0,0,0,4608,0,118848
"1993M03",8988,1440,0,0,0,0,1128,0,12048,45084,17388,0,0,0,0,780,0,63492,16704,3060,0,0,0,0,1872,0,21648,78528,23316,0,0,0,0,4344,0,107172
"1993M04",7205,968,0,0,0,0,935,0,9152,34562,13486,0,0,0,0,1111,0,49192,16027,3311,0,0,0,0,2101,0,21472,64746,18942,0,0,0,0,4323,0,88308
"1993M05",7568,1067,0,0,0,0,957,0,9933,25366,8789,0,0,0,0,605,0,34771,10439,1903,0,0,0,0,1122,0,13464,50886,12749,0,0,0,0,3058,0,67639
"1993M06",7452,954,0,0,0,0,1035,0,9738,21087,7731,0,0,0,0,756,0,29700,11259,1647,0,0,0,0,1404,0,14328,46845,11241,0,0,0,0,3510,0,62361
"1993M07",7326,1320,0,0,0,0,902,0,10109,29546,13321,0,0,0,0,660,0,43582,12419,1925,0,0,0,0,1331,0,15708,57464,17732,0,0,0,0,3157,0,79365
"1993M08",7909,1375,0,0,0,0,1089,0,10461,27016,13178,0,0,0,0,605,0,40854,10670,2013,0,0,0,0,1089,0,13794,51931,18920,0,0,0,0,3399,0,74580
"1993M09",7248,888,0,0,0,0,900,0,9300,30408,14424,0,0,0,0,888,0,45792,11568,2160,0,0,0,0,1296,0,15084,56208,18516,0,0,0,0,3396,0,78792
"1993M10",8472,1476,0,0,0,0,900,0,10896,45024,16548,0,0,0,0,720,0,62460,13692,2532,0,0,0,0,1596,0,17832,74112,21648,0,0,0,0,3528,0,99780
"1993M11",8645,1612,0,0,0,0,1300,0,11661,51012,20475,0,0,0,0,1144,0,73203,18538,3094,0,0,0,0,1703,0,23361,85436,26130,0,0,0,0,4407,0,116857
"1993M12",5166,882,0,0,0,0,798,0,6874,55146,21322,0,0,0,0,1862,0,78652,44856,7140,0,0,0,0,4480,0,56518,112630,30408,0,0,0,0,7350,0,151172
"1994M01",6286,1092,0,0,0,0,728,0,9128,53438,17850,0,0,0,0,1274,0,74116,23128,3962,0,0,0,0,1946,0,29106,92554,24472,0,0,0,0,4200,0,124446
"1994M02",9324,1272,0,0,0,0,1308,0,12336,63996,23184,0,0,0,0,1584,0,90192,20688,3084,0,0,0,0,2064,0,25944,103344,28992,0,0,0,0,5592,0,140616
"1994M03",9321,1638,0,0,0,0,1235,0,12337,56251,21970,0,0,0,0,1404,0,80431,20410,3146,0,0,0,0,2275,0,25896,93652,28353,0,0,0,0,5538,0,129402
"1994M04",7848,1536,0,0,0,0,1080,0,10500,40572,16044,0,0,0,0,900,0,57696,13968,2748,0,0,0,0,1932,0,18672,70332,21996,0,0,0,0,4212,0,96960
"1994M05",8544,1716,0,0,0,0,1308,0,11832,25956,10284,0,0,0,0,744,0,37080,11532,2304,0,0,0,0,1380,0,15252,53052,15708,0,0,0,0,3888,0,73296
"1994M06",8220,1250,0,0,0,0,1110,0,10890,24100,8740,0,0,0,0,680,0,33610,12470,2190,0,0,0,0,1560,0,16240,52650,13060,0,0,0,0,3690,0,69990
"1994M07",8580,1441,0,0,0,0,1309,0,12243,35211,14278,0,0,0,0,1298,0,50820,13552,2266,0,0,0,0,1529,0,17358,68134,19635,0,0,0,0,4521,0,93401
"1994M08",8749,1300,0,0,0,0,1287,0,11401,32448,14963,13,26,0,0,832,0,48334,12389,2457,26,39,0,0,1365,0,16289,63388,20449,39,65,0,0,4030,0,88296
"1994M09",8073,1248,0,0,0,0,1300,0,10777,33345,16874,0,13,0,0,1235,0,51571,12688,2808,0,65,0,0,1638,0,17225,63882,23114,0,78,0,0,4680,0,92183
"1994M10",9268,1736,0,0,0,0,1288,0,12460,48594,19698,0,0,0,0,1050,0,69636,14210,2730,0,0,0,0,1722,0,18690,83300,26054,0,0,0,0,4634,0,114632
"1994M11",10248,2002,0,0,0,0,1610,0,13958,58128,21140,0,0,0,0,1400,0,81382,17878,3150,0,0,0,0,1750,0,22848,96516,28336,0,0,0,0,5572,0,131628
"1994M12",5640,1065,0,0,0,0,975,0,7845,65115,21510,0,60,0,0,2400,0,90315,43800,7860,0,180,0,0,4575,0,56505,125460,31575,0,240,0,0,8670,0,167715
"1995M01",6592,944,0,0,0,0,912,0,9280,61232,19184,0,0,0,0,1376,0,83360,24416,4048,0,16,0,0,2368,0,30896,103616,26016,0,16,0,0,5168,0,137792
"1995M02",9405,1425,0,0,0,0,1530,0,12675,64290,22785,0,0,0,0,1500,0,90285,21630,3480,0,0,0,0,2505,0,27690,106215,29565,0,0,0,0,6060,0,144540
"1995M03",11775,1890,0,0,0,0,1635,0,15360,57060,20175,0,0,0,0,1425,0,79290,18990,3930,0,0,0,0,1980,0,24900,97950,27960,0,0,0,0,5580,0,132570
"1995M04",9659,1105,0,13,0,0,1365,0,12233,42757,17342,0,13,0,0,1339,0,61477,17537,3562,0,156,0,0,2574,0,23855,80249,23205,0,182,0,0,5993,0,110097
"1995M05",9867,2145,0,22,0,0,1397,0,13563,28721,10164,0,22,0,0,847,0,39853,12023,2387,0,77,0,0,1683,0,16203,59081,15884,0,121,0,0,4499,0,80179
"1995M06",9064,1485,0,0,0,0,1342,0,11935,26136,8569,0,55,0,0,770,0,35607,12386,2442,0,44,0,0,1815,0,16698,55319,13651,0,99,0,0,4598,0,73931
"1995M07",9516,1898,0,0,0,0,1365,13,13195,41262,13975,0,13,0,0,767,559,56667,15314,2340,0,91,0,0,1573,26,19370,77493,19721,0,130,0,0,4186,650,102908
"1995M08",9086,1204,0,28,0,0,1708,0,12082,36050,14126,0,42,0,0,770,560,51688,13118,2352,28,224,0,0,1736,14,17486,67368,19320,28,294,0,0,4718,588,92582
"1995M09",8985,1620,15,0,0,0,1305,30,12030,35535,15750,30,210,0,0,1005,390,52965,13425,2985,90,570,0,0,1755,15,18840,66795,22110,135,795,0,0,4545,465,95115
"1995M10",9795,1725,0,15,0,0,1980,0,13665,50910,16800,30,90,0,0,915,0,68820,15195,2985,90,510,0,0,1560,0,20415,87255,23265,120,630,0,0,5145,0,116850
"1995M11",11190,2445,15,30,0,0,1575,0,15390,58755,19980,30,555,0,0,885,0,80790,19485,3420,120,1260,0,0,1950,0,26250,99300,27660,165,1935,0,0,4980,0,135015
"1995M12",7408,1264,0,64,0,0,992,0,9920,73280,21152,64,976,0,0,1744,0,98864,47072,8128,384,3088,0,0,5376,0,64096,139472,31984,464,4432,0,0,8624,0,187216
"1996M01",8381,1224,17,119,0,0,1003,0,12053,62832,19686,153,527,0,0,1224,0,85391,24565,4080,187,1139,0,0,2499,0,32521,108358,26758,374,1955,0,0,5372,0,145673
"1996M02",10992,1664,16,48,0,0,1696,0,14688,69872,23056,400,1040,0,0,1360,0,97600,23840,4272,272,1824,0,0,2576,0,32928,117056,30832,752,3168,0,0,6208,0,160848
"1996M03",11360,1728,16,48,0,0,1632,0,15264,57696,20816,384,912,0,0,1584,0,81472,22048,4080,416,1552,0,0,2480,0,30688,102512,28016,880,2720,0,0,6336,0,141424
"1996M04",9615,1590,0,45,0,0,1455,0,12810,44760,19515,165,465,0,0,1275,0,66300,18465,3645,300,1065,15,0,2460,0,25950,84150,26775,495,1740,15,0,5700,0,119220
"1996M05",10738,1904,28,42,0,0,2002,0,14896,29680,10892,98,168,14,0,672,0,41580,13328,2072,196,728,84,0,1652,0,18074,63294,16380,350,980,140,0,4984,0,86590
"1996M06",9568,1404,0,39,13,0,1404,0,12597,29445,10205,117,247,0,0,728,247,41041,16055,2431,208,1014,104,0,1911,0,21723,64922,15808,338,1365,143,0,4667,260,87815
"1996M07",9616,1856,16,96,16,0,1648,32,13328,37856,16128,224,336,16,0,1072,320,56048,14832,2928,352,1104,240,0,1408,16,20928,74688,23120,624,1664,304,0,4576,400,105712
"1996M08",10032,1632,16,112,0,0,1520,32,13472,37088,16096,336,208,48,0,528,592,54976,14352,2640,144,912,144,0,1520,0,19744,71776,21968,528,1264,256,0,4224,672,101056
"1996M09",9696,1584,16,16,0,0,1616,16,13056,33904,17664,96,208,144,0,736,160,52944,14992,2672,160,528,64,0,1760,0,20192,70000,24288,304,896,240,0,4688,208,100944
"1996M10",11203,1411,17,17,17,0,1377,0,14314,51034,17918,51,102,85,0,1122,0,70414,17697,3536,153,306,459,0,1870,0,24055,90559,24395,221,493,595,0,4913,0,121754
"1996M11",11747,1972,0,34,0,0,1955,0,15827,64991,22389,85,136,51,0,1122,0,89437,23137,3434,170,391,476,0,2023,0,29648,111588,29308,272,629,561,0,5848,0,149226
"1996M12",8046,1530,18,54,18,0,1602,0,11448,81342,25254,252,630,468,0,2412,0,111348,52434,9000,486,1620,1386,0,5328,0,70272,153918,37242,774,2430,1926,0,9810,0,208458
"1997M01",8322,931,0,38,0,0,1444,0,11951,66063,21508,190,475,171,0,1615,0,91143,26809,4883,152,589,418,0,2717,0,35606,114057,28861,380,1254,646,0,6422,0,155097
"1997M02",11050,1955,0,0,17,0,2074,0,15283,70261,24769,119,238,119,0,1649,0,98889,25840,4216,323,374,408,0,2805,0,34034,121261,32776,493,663,595,0,7463,0,166175
"1997M03",11373,1632,0,51,17,0,1785,0,14994,61234,22763,136,153,85,0,1394,0,86088,25398,4250,272,493,578,0,3009,0,34000,109531,30175,442,765,731,0,6970,0,149294
"1997M04",10659,1309,0,17,0,0,2108,0,14297,43877,16065,68,85,119,0,1037,0,61319,17544,3060,153,306,221,0,1870,0,23171,83215,21352,238,425,374,0,6290,0,112302
"1997M05",10920,2044,14,14,14,0,1596,0,14742,29904,11606,70,56,0,0,798,0,42574,12712,2380,70,336,308,0,1778,0,17626,63672,17766,182,434,336,0,4914,0,87836
"1997M06",10780,1484,0,14,28,0,1806,0,14238,26810,10878,70,70,28,0,854,98,38920,14434,2394,70,280,238,0,1722,0,19152,61166,16100,154,364,322,0,4914,98,83482
"1997M07",10523,1734,34,17,34,0,1938,0,14314,38709,14433,68,85,34,0,680,476,54502,17051,2516,170,221,153,0,1632,17,21794,78897,20349,289,374,238,0,4981,527,105910
"1997M08",10832,1408,0,16,0,0,1856,0,14176,34192,16160,64,112,48,0,752,864,52192,14976,2400,112,208,272,0,1776,0,19744,70592,21728,176,368,384,0,4800,896,99216
"1997M09",10530,1430,0,0,0,0,1794,0,13793,32071,18109,0,52,78,0,1209,0,51545,15210,3315,0,377,286,0,2106,0,21294,67249,24427,0,442,416,0,5967,0,98618
"1997M10",11016,1332,0,36,48,0,1956,0,14400,44424,16128,0,120,36,0,1032,0,61872,18624,3924,12,468,276,0,1968,0,25296,85176,22836,12,648,384,0,5568,0,114948
"1997M11",12612,2268,0,36,0,0,2052,0,17028,55512,21468,0,132,84,0,1260,0,78924,21864,4308,0,492,228,0,2316,0,29232,101736,30564,0,684,360,0,6444,0,140472
"1997M12",8086,1443,0,26,13,0,1313,0,10959,59579,25155,0,507,221,0,2509,0,88075,51649,9659,0,1755,871,0,5577,0,69537,131885,37830,0,2340,1144,0,10257,0,183833
"1998M01",8205,1275,0,30,0,0,1155,0,11175,54705,21930,0,360,75,0,1485,0,80295,30165,5610,0,915,405,0,3390,0,40530,106860,31110,0,1350,510,0,6660,0,149280
"1998M02",12192,1872,0,72,0,0,1920,0,16164,57108,25116,0,168,96,0,1836,0,87012,28140,6168,0,576,228,0,3132,0,38400,110436,34956,0,864,336,0,7752,0,158388
"1998M03",13598,2015,0,13,13,0,2652,0,18343,44707,19916,0,169,39,0,1339,0,67847,22152,4563,0,364,195,0,2119,0,29484,91299,28548,0,598,286,0,7111,0,130481
"1998M04",10968,1848,0,0,0,0,2112,0,15048,35532,16848,0,216,72,0,1932,0,54648,23616,4956,0,588,324,0,2856,0,32352,80820,25656,0,840,444,0,7584,0,115680
"1998M05",11370,1850,10,30,0,0,2280,0,15690,22810,9740,20,40,10,0,1050,0,33730,15680,2670,40,230,170,0,2320,0,21110,58050,15650,90,330,230,0,6720,0,81350
"1998M06",11070,1242,9,9,0,0,2322,0,14751,21555,10449,90,45,27,0,855,0,33048,15867,2583,198,234,108,0,1962,0,20952,58212,15219,342,288,162,0,5715,0,80217
"1998M07",10560,1368,12,0,0,0,2100,36,14100,31644,16452,84,108,60,0,1224,804,50400,19380,3504,180,300,192,0,2268,0,25836,74520,23052,300,456,300,0,6456,852,106500
"1998M08",11136,1368,24,36,12,0,1968,36,14628,26088,17364,84,84,36,0,696,1260,45612,15708,2244,252,252,228,0,1956,12,20664,62844,23040,384,396,288,0,5244,1356,93672
"1998M09",10416,1404,12,48,12,0,2376,12,14280,31524,18480,120,132,24,0,1284,384,52020,16656,3360,300,528,252,0,2316,36,23448,69156,24780,492,720,324,0,6408,444,102540
"1998M10",11843,1703,0,13,0,0,1950,26,15587,44772,16718,52,117,13,0,1118,52,62946,19461,3835,156,416,221,0,2509,0,26598,89310,24297,234,611,247,0,6656,78,121862
"1998M11",13676,2236,26,0,0,0,2626,39,18655,56381,21944,104,143,39,0,1430,130,81159,24518,4823,195,546,299,0,2301,26,32734,106977,31759,338,780,351,0,7631,247,149422
"1998M12",8385,1005,0,15,0,0,1530,15,11130,60330,27105,285,435,195,0,2715,180,92970,54105,10410,945,1500,930,0,6330,75,74310,136020,39990,1305,2055,1200,0,11910,300,195120
"1999M01",8512,1776,0,16,0,0,1280,32,11888,57616,23040,208,96,112,0,1840,240,86528,28992,5872,400,624,384,0,3184,80,39568,109600,32944,640,752,544,0,7296,368,156400
"1999M02",12064,2210,13,39,0,0,2197,39,16653,65780,26598,182,156,91,0,1547,247,96733,28080,5590,338,650,377,0,2951,26,38103,119873,36218,598,858,494,0,7670,364,169117
"1999M03",12246,2080,0,13,26,0,2782,13,17251,51883,21697,143,169,117,0,1690,247,77103,26481,5187,416,806,286,0,3432,13,36621,101803,30732,624,1053,533,0,8775,351,145444
"1999M04",11180,1807,0,78,0,0,1872,0,15093,40495,20072,169,91,26,0,1742,377,63024,21905,4264,182,728,390,0,3159,13,30641,83577,27937,377,988,429,0,7527,390,121628
"1999M05",12440,1520,10,0,0,0,2500,30,16580,26320,12210,40,90,20,0,860,80,39630,15550,2830,210,300,200,0,2080,40,21220,64050,17910,300,440,250,0,6340,280,89780
"1999M06",10736,1683,11,22,11,0,2035,11,14553,25333,10472,110,110,44,0,869,286,37257,17270,2926,220,286,242,0,2035,66,23045,63646,16181,385,473,330,0,5918,374,87527
"1999M07",11914,1806,0,14,0,0,1792,42,15624,33292,15106,140,56,70,0,1218,1596,51520,19852,4130,196,406,140,0,2226,28,26978,79422,22960,336,490,252,0,6384,1722,111832
"1999M08",12779,1950,52,78,26,0,2067,39,17043,28093,19266,169,78,26,0,1248,1144,50037,16510,3328,195,208,169,0,1963,26,22399,67366,27170,455,390,221,0,6877,1391,104026
"1999M09",12454,2236,13,39,0,0,2067,78,16939,32682,19448,208,117,117,0,1625,832,55042,18668,3913,260,507,273,0,2587,39,26260,76167,27937,533,741,390,0,7254,975,114283
"1999M10",13538,2408,0,42,0,0,2156,14,18214,47068,21686,126,140,14,0,1176,280,70714,20958,4102,210,448,280,0,2548,28,28574,92512,31444,392,700,308,0,6636,448,132888
"1999M11",14574,2016,0,28,42,0,2282,28,19068,64582,28098,168,238,56,0,1372,182,94990,28644,5796,294,518,336,0,2744,28,38402,120106,38780,532,882,434,0,7238,294,168924
"1999M12",9552,1584,0,32,16,0,1440,16,12736,66400,23376,528,784,272,0,2336,112,97392,56256,11552,1104,2464,1520,0,7120,112,80160,143824,38176,1664,3504,1904,0,11968,240,205392
"2000M01",9214,1309,51,51,34,0,1581,17,12444,63461,24905,238,476,238,0,1989,238,93432,31331,6970,527,1428,646,0,3604,51,44608,116943,35275,833,2040,1037,0,8211,374,167093
"2000M02",14655,2085,30,75,15,0,2430,60,19560,71475,29520,240,240,195,0,1770,300,106155,37785,6855,435,885,540,0,3765,15,50400,136080,40815,765,1320,795,0,9315,390,192765
"2000M03",13995,2250,30,90,60,0,2430,45,18930,53865,25320,105,330,30,0,1800,255,81840,27615,5355,435,1035,690,0,3435,45,38625,105555,35145,585,1545,825,0,8475,390,152850
"2000M04",11715,1650,60,105,15,0,1515,15,15135,46245,23775,180,255,195,0,1695,180,72555,30015,5760,495,1440,750,0,3540,60,42090,98820,33315,795,1965,1020,0,7425,405,143985
"2000M05",13574,2376,11,44,44,0,2409,11,18524,29799,14839,55,209,121,0,990,231,46288,17182,2926,275,594,374,0,1859,22,23232,68706,22154,363,913,616,0,5775,275,99022
"2000M06",11148,1512,12,84,0,0,2016,60,14904,29052,12408,108,168,84,0,1116,252,43248,18624,3432,288,828,516,0,2148,24,25860,69420,19368,444,1116,636,0,5772,420,97464
"2000M07",13110,2115,30,75,30,0,2145,60,17685,39345,20445,150,165,120,0,1305,1605,63150,21240,4245,525,735,720,0,2145,60,29685,90075,29370,735,1095,930,0,6450,1935,130890
"2000M08",12684,1596,70,70,56,0,2674,56,17262,34356,22540,322,210,126,0,1610,1106,60284,19082,3430,238,896,574,0,2002,28,26264,75992,29764,686,1246,784,0,7280,1540,117432
"2000M09",9780,1650,0,90,0,0,1755,15,13395,34755,18870,375,525,150,0,1590,1080,57435,19860,3810,615,1095,1005,0,2685,45,29130,74625,26550,1020,1800,1230,0,6780,1380,113715
"2000M10",14368,2224,32,80,16,0,2096,32,19056,53856,22512,144,240,112,0,1728,208,79680,21696,4576,432,816,656,0,2848,32,31072,102400,32160,656,1312,832,0,7488,352,146560
"2000M11",14160,2288,48,0,16,0,2736,16,19328,72848,30032,224,160,160,0,2480,208,107728,29872,5440,512,832,496,0,3136,0,40320,127984,40064,848,1024,688,0,9264,272,182144
"2000M12",10914,1343,17,51,51,0,1972,34,14416,81515,29665,765,1071,527,0,3196,340,117453,68493,11968,1598,3026,2261,0,7633,85,95098,173128,45186,2482,4352,2958,0,13702,459,242845
"2001M01",10720,1640,20,40,20,0,1480,40,14060,79640,29940,260,460,240,0,2380,300,113660,37600,6820,980,1200,840,0,3640,20,51100,142980,40540,1300,1860,1220,0,8400,400,197660
"2001M02",14042,1989,34,17,51,0,2499,0,18717,76823,29954,357,306,170,0,2618,204,115617,33405,6035,544,1037,476,0,3723,51,45594,139060,40902,1003,1411,799,0,9945,374,199801
"2001M03",15640,2414,17,102,34,0,2448,68,20808,64787,28186,323,340,102,0,2278,238,96662,31688,5559,493,1003,731,0,3281,51,42823,124355,38811,884,1530,986,0,9231,442,176936
"2001M04",12665,1870,0,51,51,0,2006,17,16881,50796,24038,272,408,272,0,1836,221,77843,30566,4930,765,1224,901,0,3672,68,42143,106250,33473,1190,1768,1275,0,8551,374,153204
"2001M05",14534,2171,13,65,26,0,2704,0,19578,33436,15314,156,208,26,0,1170,78,50440,20137,4108,377,650,286,0,2470,39,28080,78130,23127,650,1014,403,0,7046,247,110942
"2001M06",12350,1885,26,39,13,0,2171,13,16614,33605,13468,117,130,130,0,1066,260,48789,22867,4355,312,624,429,0,2873,13,31473,81185,21632,507,936,624,0,6734,312,112229
"2001M07",12223,1904,0,85,17,0,2312,17,16660,46699,23256,238,272,85,0,1445,1326,73338,23919,4063,391,765,595,0,2805,34,32589,99977,32266,663,1224,731,0,7718,1564,144364
"2001M08",13455,1935,90,45,60,0,2055,30,17760,42225,24540,510,225,120,0,1095,1140,69855,21795,4020,510,660,495,0,2430,45,29955,90930,34590,1305,1035,705,0,6750,1350,136815
"2001M09",11880,1560,15,60,90,0,2040,45,15735,42165,21825,540,480,135,0,1350,1200,67755,22230,4290,570,1230,705,0,2565,90,31695,88065,30945,1170,1830,945,0,6525,1470,131175
"2001M10",13141,1751,34,68,85,0,1683,0,16813,51544,19975,153,204,68,0,1513,187,73678,24123,3995,340,952,510,0,2431,17,32402,103836,28271,561,1394,782,0,6511,323,141967
"2001M11",15195,1980,60,105,30,0,2505,0,19935,62610,23205,255,300,75,0,1980,150,88875,28695,4770,450,870,645,0,2850,15,38325,120105,32100,810,1395,825,0,8445,180,164520
"2001M12",10268,1649,17,68,51,0,1870,68,14059,79322,25381,663,986,510,0,3723,306,112914,68493,10914,1700,3060,2040,0,7310,34,93551,173315,40069,2533,4318,2703,0,13804,459,239768
"2002M01",10122,1386,63,105,42,0,1764,21,13650,79821,23856,840,525,210,0,3591,315,115710,38073,6048,777,1722,1155,0,3612,42,51534,146643,34104,1785,2604,1512,0,10038,399,204645
"2002M02",15487,1887,34,85,68,0,2329,17,20060,85612,25092,697,408,289,0,3366,374,120547,36669,5559,731,1258,1020,0,4437,34,49878,154445,35054,1615,2040,1445,0,11407,425,212041
"2002M03",13968,1872,108,18,0,0,2574,18,18720,76860,26514,504,450,378,0,3474,360,110070,39348,5832,828,1962,1134,0,4446,18,53586,146934,37242,1674,2556,1602,0,11430,450,203868
"2002M04",13719,1921,34,34,34,0,2703,17,18564,48552,20553,357,425,170,0,1751,374,72233,25194,4012,561,1207,799,0,2550,0,34408,102442,28611,1020,1683,1054,0,8109,442,143718
"2002M05",12712,2030,42,42,42,0,2338,14,17290,41202,13580,238,140,70,0,1246,14,57666,20496,3234,434,952,728,0,2646,28,28546,85890,20776,840,1162,882,0,7098,154,118244
"2002M06",13195,1573,104,78,13,0,2327,0,17407,35776,11492,507,260,78,0,1352,195,50050,21801,3016,403,962,624,0,2600,39,29484,86281,17589,1040,1326,767,0,7111,260,115076
"2002M07",13175,1989,68,85,68,0,2159,0,17578,48960,21437,833,153,153,0,1632,1377,74579,25602,3978,561,884,714,0,2329,51,34136,108290,30889,1598,1326,1003,0,7480,1581,152388
"2002M08",12544,1568,16,64,32,0,1888,48,16192,45184,20544,1072,256,112,0,1376,1792,70368,21584,2912,688,928,688,0,2384,16,29200,93104,27424,1808,1328,928,0,6416,1952,133104
"2002M09",13365,1620,45,30,120,0,2235,60,17580,44550,18675,720,585,255,0,1755,1050,67635,23895,4320,630,1140,795,0,2370,15,33180,95520,27060,1455,1845,1260,0,7245,1215,135930
"2002M10",14922,1890,54,72,36,0,2286,18,19458,63828,20682,360,522,180,0,1710,144,87948,27432,4932,522,972,612,0,2988,36,37656,119682,29862,1008,1620,900,0,7830,252,162252
"2002M11",17064,2484,54,144,54,0,3042,54,22968,82602,26658,468,234,270,0,2196,234,113742,31842,5688,630,864,540,0,2628,18,42300,146286,37548,1188,1368,900,0,9000,414,198198
"2002M12",11260,1640,40,80,0,0,1340,0,14480,95860,29080,860,1080,640,0,3560,220,133360,71140,12720,1760,3120,1780,0,7840,100,98540,193760,45420,2800,4560,2540,0,13600,320,265600
"2003M01",10764,1495,0,46,23,0,1495,69,14053,88573,28589,575,575,299,0,3036,230,126109,41630,6532,1012,1380,920,0,3565,0,55131,161897,39445,1679,2070,1380,0,9177,391,220777
"2003M02",15372,1980,90,144,36,0,2250,72,20034,87912,29934,486,522,90,0,3186,360,126360,39582,6318,684,1332,828,0,4302,36,53262,160362,41022,1350,2106,1008,0,11124,486,222102
"2003M03",16207,2394,0,38,19,0,2432,19,21280,72713,26790,475,342,209,0,2109,209,106001,34048,5738,684,1026,798,0,3667,95,46113,139137,37506,1178,1520,1045,0,9101,361,193743
"2003M04",12400,1456,64,32,16,0,1904,32,16080,48064,20096,720,448,336,0,2256,192,72336,32192,6160,1088,1440,896,0,3520,0,45328,105536,30048,1984,2016,1328,0,8464,256,150272
"2003M05",12961,1716,78,91,52,0,2288,65,17368,31200,10699,221,169,130,0,1157,182,43784,21697,3419,533,780,533,0,2639,39,29640,75517,17186,923,1105,819,0,6682,286,102752
"2003M06",12980,1661,33,55,55,0,2464,22,17336,33363,12012,429,220,99,0,1265,176,47597,22902,4356,330,792,737,0,2552,11,31680,81917,19470,814,1144,968,0,6974,242,111716
"2003M07",11826,1638,0,108,72,0,1890,36,15624,44964,18576,792,234,126,0,1152,1908,67770,28980,4662,504,1206,774,0,2610,36,38790,104688,27936,1404,1638,1044,0,6660,2088,145566
"2003M08",13974,1785,68,0,68,0,1921,68,17952,45169,18071,816,255,170,0,1190,2278,67966,24344,3740,731,799,510,0,2635,51,32810,96441,25653,1768,1139,765,0,6460,2720,135150
"2003M09",13616,2144,16,96,16,0,2272,64,18272,49904,18240,864,400,112,0,2368,1520,73424,27680,5312,592,944,672,0,3056,80,38336,105264,28496,1568,1488,912,0,8336,1888,148128
"2003M10",15029,1938,57,38,19,0,2128,19,19304,65341,19627,399,285,171,0,1539,114,87609,28500,4750,703,817,551,0,3078,19,38456,125267,29013,1216,1216,817,0,7524,152,165604
"2003M11",18639,2964,38,95,57,0,2394,0,24263,87495,28025,570,304,114,0,2413,361,119662,36404,6213,646,931,475,0,2793,38,47557,159182,39444,1387,1406,665,0,8550,437,211698
"2003M12",12408,1518,44,66,22,0,1804,0,15994,104016,29656,924,1056,550,0,3784,198,145068,84678,15774,1804,2970,1848,0,8118,22,115390,217844,49126,2882,4268,2464,0,14454,242,296912
"2004M01",11100,1925,0,50,25,0,1225,0,14450,100025,32325,900,675,225,0,2925,275,140350,48625,8950,925,1375,800,0,3975,50,64725,179700,46225,1925,2225,1100,0,8975,350,243975
"2004M02",17682,2751,84,126,0,0,2646,0,23415,89460,32571,735,693,168,0,3150,189,127974,47250,8421,1008,1239,987,0,4179,42,63294,172452,46998,1974,2205,1197,0,11046,336,237783
"2004M03",18060,2835,84,63,42,0,2730,0,24003,76188,30471,441,462,315,0,3192,399,111804,39837,7896,1008,1197,966,0,4809,63,55797,149352,44394,1596,1848,1386,0,11949,546,211743
"2004M04",14364,1701,42,21,21,0,2121,0,18480,60123,25914,567,252,189,0,3234,294,90594,40425,8568,987,1197,861,0,5229,105,57372,128457,39060,1680,1575,1155,0,11844,441,184548
"2004M05",16164,2628,54,72,18,0,2898,18,21906,41148,16074,180,126,144,0,1512,72,59292,25524,5364,540,828,630,0,3870,36,36792,93942,26406,864,1044,792,0,9198,324,132750
"2004M06",14656,1824,48,32,64,0,2128,0,18816,39376,17408,512,320,128,0,1824,208,59808,26736,5504,512,928,624,0,3968,48,38320,94960,26608,1120,1328,896,0,8736,304,134272
"2004M07",14020,2140,0,20,20,0,2280,120,18680,51820,25900,600,100,60,0,3380,2460,84940,31260,6260,520,800,640,0,4140,80,43740,116340,37300,1180,960,780,0,11300,2920,171620
"2004M08",15664,2530,66,66,22,0,2596,88,21230,45892,24200,682,88,132,0,1694,3058,76032,25586,5390,506,858,484,0,2728,132,35706,100430,34672,1386,1056,682,0,7832,3542,150238
"2004M09",15120,2500,60,0,40,0,2360,120,20240,48620,25220,820,340,200,0,2960,1740,79900,30140,6480,600,860,640,0,3920,100,42780,106120,36960,1560,1260,1020,0,10400,2200,159660
"2004M10",17199,2835,21,63,84,0,2415,42,22701,65520,23394,294,126,210,0,2394,231,92379,29883,6867,693,882,714,0,4200,42,43302,129360,35679,1134,1197,1050,0,10038,441,179256
"2004M11",20139,3591,0,21,84,0,2898,21,26775,87003,31416,357,210,126,0,2730,609,122745,36939,8001,588,966,756,0,3675,42,50967,158088,45612,1134,1197,987,0,10647,693,218883
"2004M12",13550,1900,75,100,75,0,2250,50,18125,97525,36375,675,850,525,0,5350,500,144625,88325,20825,1750,3450,2225,0,10350,125,127175,214450,61725,2625,4550,2925,0,19200,700,309425
"2005M01",12499,2117,58,87,29,0,1537,58,16501,89929,40107,551,522,58,0,4031,551,139084,46719,11832,725,1334,870,0,5278,116,66961,168084,57594,1363,2088,1044,0,11745,725,246674
"2005M02",16412,3300,22,44,22,0,2574,22,22660,92070,38830,484,352,154,0,3806,572,139480,44946,10846,990,1210,836,0,5126,110,64262,169422,55990,1540,1650,1100,0,12826,858,247390
"2005M03",17600,2875,225,25,100,0,1975,75,23050,79050,34275,500,375,300,0,3750,550,119450,48075,11325,1075,1150,925,0,5925,150,68650,161575,51025,1900,1575,1400,0,12800,1000,232675
"2005M04",16680,2592,120,24,48,0,2160,0,21744,54816,23496,360,120,120,0,2952,624,82536,34128,7488,840,912,648,0,4416,144,48600,120744,37224,1368,1152,816,0,10800,864,173280
"2005M05",17252,3211,171,57,38,0,2831,0,23598,39938,15808,228,114,95,0,1482,133,57817,26600,5339,551,665,456,0,3097,19,36727,95950,26562,1045,912,627,0,8835,190,134235
"2005M06",15124,2299,76,0,57,0,2489,0,20083,50882,22686,513,38,76,0,2318,247,77786,29393,6156,779,627,684,0,3230,19,40888,109459,33041,1368,722,893,0,8987,266,156161
"2005M07",14808,2400,144,72,48,0,2040,72,19656,50688,21960,456,24,72,0,1992,3816,79056,31200,6360,600,552,576,0,3840,72,43224,116136,34704,1368,744,744,0,8712,4224,166968
"2005M08",16380,2457,126,42,42,0,2625,231,21966,44772,21903,1008,126,126,0,1512,3759,73311,27552,5271,588,693,651,0,2709,63,37527,101493,32193,1806,987,840,0,7707,4683,150003
"2005M09",16478,2508,22,132,44,0,2222,176,21648,48928,23430,814,264,132,0,2288,3344,79200,29898,6666,1122,946,836,0,3894,176,43538,109120,35354,2134,1364,1100,0,9548,3960,162756
"2005M10",17411,2622,69,23,69,0,2047,92,22379,64423,22816,506,161,138,0,1840,437,90367,30636,6601,874,1012,713,0,3312,23,43171,127604,34822,1518,1311,943,0,8372,828,175605
"2005M11",19826,3427,138,0,46,0,3013,115,26611,80868,28428,414,138,92,0,1817,621,113114,37467,7544,575,1173,851,0,3703,69,51474,155250,43424,1196,1449,1058,0,9706,874,214107
"2005M12",14650,2500,75,75,125,0,1675,0,19275,95475,35200,1025,925,775,0,3725,850,140800,90200,20075,1900,3825,2050,0,10075,225,128550,213850,59975,3150,4875,2975,0,16225,1125,305675
"2006M01",13702,2314,78,104,0,0,1586,52,17888,90376,40144,702,442,234,0,3042,858,139776,48906,11024,936,1950,936,0,5096,78,68926,169832,57044,1794,2600,1222,0,10452,1066,248560
"2006M02",18854,2948,44,132,110,0,2860,44,25124,87824,36696,572,440,264,0,3432,726,134288,47762,10472,1166,1716,1144,0,5236,198,67958,172282,53922,1936,2464,1540,0,12804,1078,251174
"2006M03",19435,2668,0,115,69,0,2461,23,24840,75463,31027,644,391,299,0,3059,759,114977,43286,10258,690,1771,1127,0,4531,23,61801,155296,46437,1426,2484,1587,0,11109,989,223767
"2006M04",15686,2376,66,66,22,0,2156,198,20592,58432,26598,440,352,132,0,2200,792,88968,44990,8646,704,1078,770,0,4994,132,61314,132990,41646,1232,1584,1034,0,10472,1408,190498
"2006M05",18054,2822,17,17,0,0,3094,34,24055,39916,15487,238,170,119,0,1802,170,57987,25381,5066,476,748,595,0,3077,17,35377,96407,26299,816,1003,731,0,9231,255,134980
"2006M06",15768,1908,90,18,54,0,2304,0,20178,40212,16740,270,162,108,0,1332,468,59886,28296,5670,558,774,702,0,3312,72,39402,99936,26946,954,972,990,0,8064,612,139266
"2006M07",15624,1920,24,96,0,0,2424,48,20160,49104,23352,864,120,144,0,1008,4680,79608,30384,6288,384,696,504,0,3384,168,41856,114984,34728,1416,984,696,0,8016,5112,166536
"2006M08",18123,2394,21,21,21,0,2142,231,23037,44478,23079,777,126,168,0,1323,4788,74823,27972,5565,441,483,462,0,3402,126,38472,104181,33957,1302,861,714,0,8085,5838,155232
"2006M09",16128,2331,105,63,42,0,2247,189,21189,47649,25158,525,210,231,0,2100,4011,79905,30933,6363,483,882,630,0,3507,273,43092,111279,37002,1302,1281,945,0,9282,5061,166383
"2006M10",19316,3102,66,110,66,0,2838,132,25718,65032,25960,132,44,110,0,2090,638,95062,31614,7458,616,770,550,0,3564,132,44792,131450,39864,858,946,814,0,9614,1056,186010
"2006M11",20878,3982,154,0,132,0,2860,22,28094,86988,32032,374,220,154,0,2750,726,125158,38544,7986,550,880,792,0,4334,110,53284,162228,48202,1320,1232,1122,0,11418,880,228866
"2006M12",14742,2314,78,26,78,0,1794,26,19214,96044,39624,936,780,390,0,4446,1274,145054,96252,20696,1846,2990,2184,0,9698,208,133926,222456,64792,2912,3926,2808,0,17056,1586,317616
"2007M01",14308,2212,28,84,56,0,1372,56,18228,86800,39284,560,504,280,0,3500,952,135744,48916,10584,1092,1596,1232,0,5432,196,69076,167860,55216,1792,2324,1708,0,11256,1344,245868
"2007M02",17503,2829,23,92,46,0,2415,46,23069,95841,37191,598,368,161,0,3680,1150,143405,52716,11638,1219,1633,1449,0,5612,115,74658,184598,55476,1955,2185,1748,0,13363,1449,266087
"2007M03",20516,2737,92,69,92,0,2990,115,26657,78798,32821,713,460,276,0,3082,989,119715,47679,9522,989,1587,1081,0,4646,69,65573,167095,48944,1886,2208,1587,0,12029,1564,238326
"2007M04",16422,2967,46,0,23,0,1932,92,21482,60030,27301,483,368,230,0,2438,644,94001,40112,8717,805,1265,644,0,5129,161,56879,132181,41906,1334,1794,943,0,10488,1150,192671
"2007M05",17946,3096,54,36,90,0,2754,36,24048,37908,17514,162,126,36,0,1512,198,57600,27540,6426,684,792,612,0,3402,18,39564,97182,30780,936,1008,864,0,8694,270,140130
"2007M06",15979,2318,19,38,38,0,2090,19,20539,39045,20615,399,247,133,0,1710,760,63213,29944,6270,304,836,589,0,3534,57,41572,100244,31863,779,1216,798,0,8360,931,144799
"2007M07",16728,2256,24,48,24,0,2520,264,21864,48480,26952,768,168,120,0,1680,5064,83304,30864,5976,432,672,504,0,3264,168,41880,116904,38184,1272,912,720,0,8400,6000,172608
"2007M08",17732,2288,0,44,110,0,2354,198,22858,44528,26642,594,154,154,0,1430,4840,78364,28710,6820,506,814,660,0,3322,154,40986,106172,40106,1122,1056,1012,0,8470,6072,164296
"2007M09",15824,2346,46,46,0,0,2461,115,20884,47104,27485,391,184,161,0,2438,4278,82110,32499,6532,552,1081,598,0,3358,161,44781,109250,40526,1035,1403,782,0,9476,5106,167831
"2007M10",17848,2737,23,92,23,0,2392,46,23207,60444,25737,69,92,207,0,1909,644,90091,31395,8050,598,943,598,0,3795,69,45517,125212,39767,736,1196,828,0,9338,920,179308
"2007M11",20424,3408,24,0,24,0,2520,96,26544,80592,34080,336,264,144,0,2688,576,120528,41160,9744,888,1368,600,0,4056,96,58008,159576,50520,1368,1728,792,0,10296,912,227784
"2007M12",14040,2133,54,27,27,0,2106,81,18495,95499,37800,567,405,297,0,4158,1809,142965,96444,21519,1620,2511,1242,0,10611,297,134460,220644,64422,2349,2943,1593,0,17955,2214,315576
"2008M01",14500,2494,58,29,0,0,1856,58,19169,89349,35931,348,551,203,0,3770,1537,140070,48807,12180,1073,1305,696,0,4785,232,69310,170462,54665,1537,1914,899,0,11484,1972,252242
"2008M02",18009,2714,69,92,46,0,2415,46,23690,98693,38939,759,391,276,0,4117,1242,149799,58213,12167,874,1265,828,0,6210,184,80086,195270,56465,1794,1932,1196,0,14191,1541,279013
"2008M03",18650,2800,75,75,25,0,2350,50,24050,79425,35550,400,350,125,0,4025,1475,126375,53225,11850,1025,1450,675,0,6300,175,74875,170675,53575,1550,1950,875,0,14250,1825,250300
"2008M04",17472,2424,72,48,0,0,2328,24,22392,51552,23928,312,360,0,0,2088,840,79224,40968,8856,600,864,0,0,4488,168,55944,127152,37968,1032,1344,0,0,9912,1128,179064
"2008M05",17100,2920,100,20,0,0,2360,40,22560,39220,16180,120,60,0,0,1080,280,56960,30660,6600,320,440,0,0,3840,40,41900,101940,28100,560,620,0,0,8280,520,140160
"2008M06",16587,2242,38,76,0,0,2128,38,21204,37411,17746,228,19,0,0,1235,1672,59451,30476,7334,418,475,0,0,3135,133,42028,99199,29925,779,665,0,0,7657,1938,142063
"2008M07",15384,2568,96,0,0,0,2088,288,20448,47208,24288,504,96,0,0,1896,6456,80952,32904,7584,360,600,0,0,3888,216,45648,118848,37368,984,744,0,0,9000,7200,174984
"2008M08",16434,2706,44,44,0,0,2200,110,21582,42064,25036,550,22,0,0,1496,6732,76142,31504,6908,352,440,0,0,3410,176,42812,105952,37818,946,572,0,0,8184,7788,161612
"2008M09",15272,2392,23,138,0,0,2070,115,20056,42021,25369,184,92,0,0,2139,3841,73646,31694,8050,437,644,0,0,3979,299,45103,102235,38640,713,966,0,0,9085,4646,156446
"2008M10",15864,2640,120,0,0,0,2328,24,21072,54744,22680,144,96,0,0,2016,912,81744,35496,8472,408,600,0,0,4008,168,49272,122232,36960,720,816,0,0,9432,1488,173136
"2008M11",17402,3278,44,0,0,0,2332,66,23188,72930,31328,110,88,0,0,2178,1122,112332,42262,9658,594,506,0,0,4422,110,57728,151118,47784,836,660,0,0,10934,1408,218130
"2008M12",11367,2079,27,54,0,0,1350,81,14985,97686,35856,594,540,0,0,5157,1755,147555,102411,21087,1404,1242,0,0,11286,432,138294,226746,61371,2079,1917,0,0,18954,2295,320085
"2009M01",11172,2128,28,28,0,0,1036,28,14504,88396,32536,364,140,0,0,3808,1876,133616,52780,11928,616,644,0,0,5460,392,71988,170100,49392,1064,868,0,0,11564,2520,242900
"2009M02",15893,2622,46,23,0,0,2323,23,20999,85744,33626,368,92,0,0,3749,1794,131537,55890,12696,552,437,0,0,7797,184,77832,176548,52647,1035,575,0,0,15295,2208,255300
"2009M03",18312,3192,48,72,0,0,2520,96,24312,70320,31488,168,168,0,0,3000,1344,109416,50544,11448,480,192,0,0,6504,192,69408,156864,49344,768,432,0,0,13200,1776,225672
"2009M04",13068,1738,22,0,0,0,2266,44,17138,58564,29172,176,66,0,0,3124,924,93434,48356,10362,264,110,0,0,6226,198,65538,134772,43890,462,176,0,0,12694,1320,195140
"2009M05",13644,2304,0,0,0,0,2088,54,18108,38628,18414,18,0,0,0,1386,594,59058,35244,7992,54,0,0,0,4122,90,47502,100260,31194,72,0,0,0,8640,738,140958
"2009M06",13878,1926,0,0,0,0,2070,108,18018,32022,18234,108,0,0,0,1296,1800,54270,33498,7362,72,0,0,0,3888,90,44964,93186,29592,180,0,0,0,8352,2142,134532
"2009M07",13961,2001,46,0,0,0,1955,138,18193,42435,30981,230,0,0,0,1610,7705,83375,38456,7705,23,0,0,0,3795,207,50255,114149,43240,299,0,0,0,8510,8671,175536
"2009M08",14427,2583,0,0,0,0,2289,357,19656,38661,28938,273,0,0,0,1470,7623,77049,33327,7161,126,0,0,0,3864,231,44730,100905,41370,399,0,0,0,8589,8736,160293
"2009M09",14028,2184,42,21,0,0,2310,147,18732,48636,27930,483,231,0,0,2604,4956,84861,35217,7917,378,630,0,0,4956,273,49371,112203,40362,903,924,0,0,11088,5859,171402
"2009M10",14743,3151,23,115,0,0,2277,138,20516,60145,26174,92,69,0,0,2162,1449,90183,40066,9292,506,621,0,0,5336,207,56028,130019,41584,621,851,0,0,10787,2139,186254
"2009M11",18538,2875,69,115,0,0,2875,92,24633,73278,32752,230,230,0,0,2599,1748,111711,45011,11477,345,736,0,0,4669,207,62468,152996,49933,690,1127,0,0,11569,2231,219696
"2009M12",12393,2187,81,27,0,0,1647,108,16578,102708,39717,459,540,0,189,6480,2538,156924,108135,22653,1728,1971,0,378,12123,810,147879,237087,67284,2349,2592,0,621,21600,3564,339849
"2010M01",11687,1856,29,0,0,29,1682,174,15573,87000,37584,406,348,0,261,3915,3654,136474,56695,11455,812,1044,0,319,6322,493,77285,175189,55129,1363,1450,0,609,12934,4582,255345
"2010M02",17925,2375,25,50,0,25,2700,125,23300,91375,38700,250,125,0,175,3625,2700,141300,55500,12050,750,1125,0,200,6675,300,76725,184525,55875,1125,1475,0,475,14325,3350,266150
"2010M03",19578,2548,0,156,0,0,3068,208,25844,72748,36062,390,156,0,182,3744,1898,116818,53144,11882,650,1066,0,312,6162,312,73606,163748,54808,1040,1482,0,546,14586,3302,241826
"2010M04",15216,2328,0,120,0,0,1968,168,19824,55920,25632,192,168,0,192,2400,1896,86784,41952,8400,672,768,0,144,6120,288,58416,128808,40944,888,1176,0,336,11760,2712,187320
"2010M05",17380,2120,80,40,0,20,3200,40,22920,40100,14780,140,60,0,80,1100,880,57980,31980,7140,340,480,0,160,3740,220,44080,101800,26340,640,640,0,320,8880,1180,140860
"2010M06",14740,2300,60,60,0,0,2260,80,19540,37400,18880,500,140,0,100,1780,3860,62760,32800,6780,380,700,0,220,4480,280,45680,98820,29640,980,920,0,340,9600,4360,145040
"2010M07",13416,1824,0,48,0,48,2136,336,17808,46608,27384,912,168,0,216,1944,11304,88608,37224,7440,312,528,0,264,4056,336,50184,117936,39648,1224,792,0,552,9360,12456,182232
"2010M08",16302,2354,22,66,0,0,2398,396,21538,43076,24574,1056,110,0,154,1320,10318,80630,31394,7018,462,462,0,242,4422,308,44308,106106,36586,1694,638,0,484,9306,12562,167486
"2010M09",13926,2464,0,44,0,22,2222,132,18854,51260,24112,1012,66,0,88,2398,6160,85096,33418,7788,396,704,0,242,4862,396,47806,115390,36696,1474,858,0,374,11110,7084,173074
"2010M10",16375,2350,25,0,0,75,2400,175,21475,57950,20300,175,200,0,175,2500,1600,83675,39575,8300,450,575,0,200,4850,300,54425,131525,34900,725,825,0,525,11025,2650,183575
"2010M11",19325,3200,75,25,0,50,3000,100,25925,75725,29350,325,325,0,150,2750,2275,113400,43500,10000,575,650,0,225,5375,425,60825,157325,46375,1100,1025,0,475,12825,3000,225100
"2010M12",12499,1653,58,29,0,0,2117,261,16733,106691,36714,696,609,0,406,6496,5017,159935,104777,21460,1682,1247,0,522,13978,1247,145000,240584,62263,2523,1943,0,928,23461,6815,342751
"2011M01",11670,1980,30,0,0,0,1950,150,15900,96750,32700,420,150,0,360,4530,6180,144420,56700,10740,870,810,0,390,6780,750,77130,185850,49860,1560,990,0,750,14310,7620,265020
"2011M02",19200,2750,125,0,0,75,2625,200,25225,91850,28900,650,250,0,200,4400,4550,133375,58500,11775,750,525,0,300,6825,750,79675,191825,46850,1725,775,0,575,15825,6075,267500
"2011M03",18330,2130,120,30,0,30,2700,240,23670,68310,17610,420,30,0,300,4020,4290,95190,50760,9960,810,540,0,180,6360,810,69480,158670,32220,1350,690,0,630,14730,6060,214800
"2011M04",14616,1968,24,120,0,72,2136,0,18984,55200,20736,360,168,0,120,3912,3792,84312,53880,10656,552,720,0,432,7296,672,74208,139608,34968,1080,1104,0,672,14688,4728,197184
"2011M05",17780,1900,40,0,0,0,2980,360,23100,38080,11360,180,40,0,100,1480,1720,53720,32660,6500,500,360,0,120,4720,360,45260,103160,21840,800,400,0,240,10080,2660,140280
"2011M06",13320,1220,40,0,0,60,1860,60,16620,35200,11220,460,60,0,40,1720,3420,52240,32400,5600,300,280,0,180,4300,360,43440,96340,19660,820,360,0,360,8660,4180,130820
"2011M07",15728,1376,64,16,0,16,2224,272,19712,43296,17920,880,16,0,64,2144,14352,78672,37264,6752,240,288,0,224,5024,528,50320,118976,27808,1312,336,0,320,10560,16032,175456
"2011M08",17760,1808,16,0,0,16,2688,416,22736,45488,18576,576,64,0,224,1872,13936,80752,35856,7232,416,336,0,192,5552,672,50256,116544,29280,1104,416,0,464,11456,16224,175632
"2011M09",15440,1952,0,32,0,16,1824,240,19568,77728,19904,624,160,0,256,7424,7936,114096,41904,8144,384,384,0,224,6384,736,58192,156848,32544,1136,640,0,672,17344,9488,219008
"2011M10",16944,2224,64,16,0,16,2400,256,22064,77504,16160,352,144,0,208,7040,2864,107616,42224,8768,464,544,0,192,5712,512,58608,158368,29152,944,752,0,544,17264,3952,215488
"2011M11",18960,2768,0,32,0,16,2928,256,25168,76320,24560,304,240,0,176,3648,3008,110048,48112,11120,592,512,0,304,6432,704,67872,164016,41040,992,816,0,560,15088,4768,229712
"2011M12",12912,1584,128,32,0,0,1968,176,17056,108448,32544,832,432,0,432,6928,5600,162080,116448,21136,2224,1328,0,512,15424,1680,159216,257008,57424,3376,1888,0,976,26240,7920,363296
"2012M01",12112,1392,48,48,0,32,1568,304,15744,94176,28704,784,64,0,304,4640,6432,140176,61824,11200,1104,528,0,352,7808,1056,84112,188384,44160,2112,688,0,704,15424,8448,266320
"2012M02",18064,2128,80,48,0,16,2832,176,23456,85888,25904,336,176,0,256,4880,4848,125648,59872,11536,512,384,0,352,8432,992,82256,184992,42336,992,672,0,672,17776,6592,258384
"2012M03",19248,2160,64,16,0,16,3184,336,25104,75888,23824,336,416,0,208,3872,5472,112080,56592,11088,432,624,0,288,7744,832,77632,170960,39600,848,1072,0,512,16480,7280,239280
"2012M04",15600,1904,16,80,0,0,2304,128,20128,59232,18928,288,240,0,288,3040,4080,86192,49760,8736,528,528,0,208,7360,592,67712,141808,31632,944,928,0,496,13776,5024,195056
"2012M05",17376,1904,16,0,0,0,2832,144,22304,38128,10960,192,208,0,32,1776,2288,53584,35008,5968,288,288,0,224,5072,336,47184,104224,20640,496,496,0,272,10880,3056,140272
"2012M06",14688,1712,64,32,0,16,2368,192,19104,38784,11488,912,64,0,256,2048,5344,58896,38720,7104,320,464,0,224,5792,416,53040,108096,21840,1472,608,0,592,11456,6304,150496
"2012M07",14736,1632,48,0,0,0,2256,368,19056,42128,15344,816,80,0,112,1920,15808,76224,38512,7264,400,224,0,192,5280,752,52640,115472,25952,1360,352,0,320,10864,18272,172704
"2012M08",16528,1936,48,16,0,0,2352,672,21568,46912,15488,720,160,0,48,2032,15520,80896,38688,6800,416,464,0,128,5312,608,52416,119488,26336,1264,688,0,192,10880,18480,177504
"2012M09",14928,2000,96,0,0,0,2544,336,19984,50288,17664,752,144,0,96,2976,7200,79136,40784,7248,560,480,0,336,6048,640,56112,124304,28624,1520,656,0,512,13296,9120,178272
"2012M10",17344,2496,112,0,0,64,2464,336,22832,58912,15008,208,112,0,128,2672,3456,80688,40048,7568,432,336,0,224,5648,720,55024,136288,27392,832,528,0,736,12224,4880,183440
"2012M11",18912,2672,48,0,0,16,2912,272,25024,77120,23472,240,0,0,144,3408,4640,109824,52064,9440,432,0,0,336,6576,576,69584,168688,38512,784,0,0,496,15328,5744,231104
"2012M12",12624,1712,32,0,0,48,1968,336,16784,111120,30624,944,0,0,288,6576,8608,163408,117488,20880,2000,0,0,768,14928,2544,158832,259520,55136,3120,0,0,1168,25072,11792,361952
"2013M01",12336,1776,192,0,0,32,1504,224,16368,89744,25936,816,0,0,368,5184,7952,136832,57552,10832,976,0,0,624,7856,1040,79040,180432,41568,2048,0,0,1056,16496,9600,259424
"2013M02",18976,1840,80,0,0,16,2400,496,24016,104384,24944,272,0,0,272,5248,5920,147200,59168,10464,496,0,0,288,8400,992,80080,204432,40128,912,0,0,672,18160,7888,279920
"2013M03",17984,2368,96,0,0,16,2688,320,23584,90064,24224,368,0,0,160,5152,6384,131200,64576,11952,592,0,0,368,9216,1248,88080,193984,40896,1136,0,0,576,18832,8736,269664
"2013M04",17248,2384,112,0,0,16,2928,304,23072,65136,17344,208,0,0,208,4928,5776,94160,45024,8064,576,0,0,288,5952,1200,61184,144576,29648,960,0,0,544,15296,7984,200304
"2013M05",18176,1952,64,0,0,0,2560,240,22992,42864,9344,160,0,0,96,2016,2192,56752,38128,6608,368,0,0,80,5408,560,51232,116544,19840,624,0,0,192,11616,3200,152384
"2013M06",15680,1712,96,0,0,48,2512,256,20336,44864,11744,592,0,0,80,2432,8240,67968,37648,6480,416,0,0,208,5744,640,51184,114400,21376,1136,0,0,352,12016,9568,159120
"2013M07",15136,1664,112,0,0,16,2720,624,20288,46464,13904,480,0,0,160,2176,18592,81776,41152,6560,336,0,0,320,5776,720,54864,124544,23824,976,0,0,512,12288,21360,183744
"2013M08",15952,1888,48,0,0,0,2288,608,20864,53072,15168,736,0,0,64,3024,18336,90416,40240,6672,480,0,0,64,6064,896,54416,127648,25568,1376,0,0,144,12688,21248,188848
"2013M09",17056,2208,96,0,0,32,2288,336,22080,59664,16672,352,0,0,208,3104,12064,92080,40704,7088,624,0,0,144,6224,1168,55952,133744,27744,1104,0,0,560,13056,14464,190960
"2013M10",16768,2672,112,0,0,0,2272,464,22320,60464,16864,320,0,0,240,2736,4880,85840,43232,8480,480,0,0,304,6576,1040,60144,140208,31216,1056,0,0,592,12816,7744,194368
"2013M11",19568,2640,16,0,0,32,3056,320,25776,84704,23984,352,0,0,256,4240,6800,125008,53008,9152,432,0,0,240,7232,960,71072,178288,39280,1008,0,0,624,16912,8464,250096
"2013M12",12288,1904,64,0,0,0,1696,144,16320,116560,30928,800,0,0,304,7184,9040,171632,124224,20496,2144,0,0,720,15088,2624,165584,274496,56400,3232,0,0,1072,25920,12288,381584
"2014M01",11504,2048,80,0,0,0,1936,304,16096,105568,28864,672,0,0,272,5104,10032,156880,66176,11440,1504,0,0,496,8480,1696,89920,205488,45696,2432,0,0,784,17216,12720,291984
"2014M02",18768,2576,80,0,0,32,2864,272,24704,108144,28064,304,0,0,240,5104,8560,156512,65616,10272,752,0,0,400,8800,1664,87888,217504,43904,1216,0,0,688,18704,11008,300560
"2014M03",21200,2496,64,0,0,0,3536,432,27824,85088,22752,192,0,0,256,4160,8192,124752,54176,9824,528,0,0,320,7120,1264,73328,181280,38320,800,0,0,608,16448,10704,253376
"2014M04",13920,1984,48,0,0,0,2592,240,18816,72320,21104,320,0,0,256,4784,7648,106608,55584,9152,592,0,0,352,8080,1360,75152,160592,34624,992,0,0,672,16656,9872,223936
"2014M05",17712,1936,32,0,0,0,2384,368,22496,46976,11152,224,0,0,0,1552,3568,64032,37104,7056,352,0,0,64,5808,544,51040,120688,22432,640,0,0,64,11232,4960,161152
"2014M06",17136,2000,32,0,0,0,2560,288,22048,43936,11376,464,0,0,0,1968,9856,67760,38192,6368,496,0,0,0,5088,608,50800,116624,21456,1056,0,0,0,11056,11360,162016
"2014M07",14816,1776,80,0,0,0,2304,432,19472,49744,14960,512,0,0,0,2448,23424,91088,43376,7632,400,0,0,0,5600,1168,58192,130832,26448,1072,0,0,0,11696,26528,196736
"2014M08",18000,2048,96,0,0,0,2736,672,23568,50016,12992,704,0,0,0,1824,21200,86736,39920,6880,480,0,0,0,5392,1248,53968,125760,24048,1376,0,0,0,11744,25680,188784
"2014M09",16736,2320,48,0,0,16,2816,672,22656,56112,16496,320,0,0,208,2992,12128,88256,42992,6960,528,0,0,176,6144,960,57760,134816,27616,960,0,0,464,13888,14864,192752
"2014M10",16576,2368,32,0,0,0,2448,464,21952,68848,17232,272,0,0,128,3680,5920,98128,46544,8208,480,0,0,272,6592,1216,63392,152656,30624,800,0,0,464,14560,8736,210224
"2014M11",20928,2912,48,0,0,0,3408,496,27920,97776,25760,192,0,0,176,3568,8048,139040,53856,9808,416,0,0,288,7216,1120,72832,195808,41536,784,0,0,496,16208,10656,269888
"2014M12",13136,1904,32,0,0,0,1744,336,17296,127568,36176,368,0,0,320,6496,12112,188880,126224,23168,896,0,0,656,14816,3168,169136,287520,64000,1344,0,0,1040,24944,16432,402112
"2015M01",13104,1856,32,0,0,16,1584,464,17328,110640,30176,288,0,0,256,5472,12448,162448,66944,12688,528,0,0,368,8128,2400,91184,215088,48320,928,0,0,672,16720,16304,302352
"2015M02",17760,2656,64,0,0,48,2896,448,24096,131200,35488,304,0,0,240,6512,11440,194416,66672,11664,656,0,0,448,8688,2000,90480,241696,53328,1136,0,0,832,20064,15040,343120
"2015M03",20960,3184,96,0,0,32,3456,448,28352,99088,27792,224,0,0,256,5360,10704,145344,64032,11600,464,0,0,288,7808,2048,86320,208848,45584,816,0,0,672,18448,14272,291328
"2015M04",15904,2384,112,0,0,0,2848,384,21824,81056,19184,432,0,0,176,6288,9424,117152,54128,8208,560,0,0,160,8192,1504,72928,170768,32800,1216,0,0,368,18864,12192,237616
"2015M05",17216,2048,48,0,0,0,3040,224,22672,56208,10464,80,0,0,0,2480,5216,74608,41040,6736,432,0,0,0,6800,1104,56176,133360,21328,624,0,0,0,13664,7088,176672
"2015M06",18256,1680,32,0,0,0,2784,496,23296,46976,11856,400,0,0,0,2752,12464,74512,39744,7088,368,0,0,0,6672,1008,54880,123904,22448,848,0,0,0,14064,14864,176448
"2015M07",15872,1760,0,0,0,0,2656,688,21008,53728,14160,320,0,0,0,2736,25888,96832,45056,6848,464,0,0,0,6976,1328,60672,138576,24720,864,0,0,0,14016,29424,207952
"2015M08",17728,1872,96,0,0,0,3184,768,23680,56912,13152,304,0,0,0,2976,23536,96928,42064,6944,336,0,0,0,6304,1248,56928,135728,24016,832,0,0,0,13968,27920,202720
"2015M09",17552,1920,80,0,0,0,2544,272,22384,69792,18384,416,0,0,0,3840,14560,106992,44512,7440,512,0,0,0,7792,1520,61776,152400,29712,1072,0,0,0,16080,17280,216656
"2015M10",17456,2224,48,0,0,0,2544,384,22672,78336,19024,208,0,0,0,3920,9024,110640,49328,8720,400,0,0,0,7392,1312,67152,166592,33136,720,0,0,0,16240,12320,229376
"2015M11",22864,2880,64,0,0,0,3616,608,30144,110560,29968,336,0,0,0,4752,13024,163392,53984,9184,400,0,0,0,8368,1360,73504,212544,45264,880,0,0,0,19680,16160,300384
"2015M12",13632,1568,16,0,0,0,1920,256,17568,151440,40800,688,0,0,0,8592,15440,220512,131456,23888,960,0,0,0,19008,3952,179424,317584,69008,1712,0,0,0,31312,20512,444688
"2016M01",12928,1840,48,16,0,0,1744,400,17088,130160,38336,288,0,0,0,6112,16080,195024,71584,13296,480,0,0,0,10032,2576,98128,241456,56576,880,16,0,0,19424,19968,343488
"2016M02",21264,2768,128,0,0,0,3424,464,28320,144064,38640,288,0,0,0,6688,14512,212368,72288,11616,448,0,0,0,10528,2448,97840,265056,56288,960,0,0,0,22480,18160,373296
"2016M03",20240,1936,48,0,0,0,3344,384,26096,126112,34000,288,0,0,0,5968,14288,183600,75088,12496,560,0,0,0,10704,2368,101424,247184,52080,992,0,0,0,21616,18304,344304
"2016M04",18304,2000,16,0,0,0,2864,816,24080,92912,22720,96,0,0,0,4128,11920,132048,53392,8208,416,0,0,0,7456,1760,71296,187728,36384,544,0,0,0,15680,15632,256752
"2016M05",19712,2416,32,0,0,0,3040,304,25568,64864,14144,64,0,0,0,2320,6000,87552,42272,6688,320,0,0,0,6176,1008,56528,146320,25776,432,0,0,0,12656,7952,193824
"2016M06",17616,1648,16,0,0,0,2736,640,22704,57056,14336,144,0,0,0,3216,14912,89808,45392,6784,160,0,0,0,6656,1216,60240,139136,24560,352,0,0,0,14064,17648,196256
"2016M07",16592,1888,0,0,0,0,3040,608,22208,67664,18368,96,0,0,0,2832,28496,117456,49328,8048,304,0,0,0,6256,1344,65280,161008,30384,464,0,0,0,13680,32144,237824
"2016M08",19168,2192,48,0,0,0,3200,800,25504,65808,14576,160,0,0,0,3648,24896,109104,44064,6560,208,0,0,0,6288,1424,58544,150272,25424,496,0,0,0,14768,29312,220592
"2016M09",17904,1632,32,0,0,0,2736,464,22800,78352,22416,176,0,0,0,4416,17824,123200,51728,8064,320,0,0,0,8160,1504,69776,169824,34880,640,0,0,0,16944,21456,243936
"2016M10",19328,2800,48,0,0,0,3216,544,26000,95792,23200,48,0,0,0,4672,12400,136272,49440,9200,352,0,0,0,6496,1840,67344,188064,38992,496,0,0,0,16224,16224,260720
"2016M11",24048,3056,32,0,0,0,3456,496,31216,128912,31248,144,0,0,0,5104,14336,182896,61360,9856,272,0,0,0,7376,1888,80864,243200,47280,480,0,0,0,18352,18160,331424
"2016M12",13408,1904,32,0,0,0,1824,464,17808,172592,42736,384,0,0,0,8848,17760,247808,143680,24320,896,0,0,0,19328,5024,193584,355520,72064,1360,0,0,0,31808,24240,491920
"2017M01",14112,1744,16,0,0,0,1824,368,18192,147920,40960,176,0,0,0,6544,18464,219504,79200,13472,288,0,0,0,9680,2672,105472,270096,59248,512,0,0,0,19920,22400,379120
"2017M02",21520,2656,32,0,0,0,3200,464,28080,143904,35872,96,0,0,0,6400,14752,212656,75504,12304,592,0,0,0,9904,2320,101104,270224,53872,784,0,0,0,21440,18528,378560
"2017M03",23776,2656,48,0,0,0,3632,720,31024,128912,30912,128,0,0,0,5808,14528,183424,70496,11360,320,0,0,0,8688,2016,93056,251584,48144,544,0,0,0,19808,18464,342800
"2017M04",16512,2128,16,0,0,0,2384,480,21680,115264,28608,208,0,0,16,6000,15824,166848,67536,11104,352,0,0,0,7504,1888,88400,226544,44304,672,0,0,16,18000,19648,310736
"2017M05",20256,2592,0,0,0,0,3520,400,26848,69280,14992,96,0,0,0,2608,6912,94016,46032,7184,272,0,0,0,5840,1344,60672,157984,27232,416,0,0,0,13408,9120,208576
"2017M06",18720,2192,48,16,0,0,2800,544,24352,74848,16480,160,0,0,0,4384,15664,111536,49936,8608,304,0,0,0,6384,1216,66448,166144,29360,560,16,0,0,15104,18224,229536
"2017M07",19056,2128,0,0,0,0,2672,560,24480,68384,17872,112,0,0,0,2176,29488,118144,53440,8416,272,0,0,0,6272,1568,69968,169200,30832,432,0,0,0,12560,33248,246656
"2017M08",20144,2160,48,0,0,0,3312,864,26608,69104,16768,224,0,0,16,2608,27344,116096,46912,7696,224,0,0,0,6160,1840,62832,158016,28656,512,0,0,16,13712,32416,233632
"2017M09",17040,2336,48,0,0,0,3024,768,23312,80592,22912,208,0,0,0,3968,20656,129008,50464,9536,400,0,0,0,7568,2080,70144,170816,37904,704,0,0,0,16400,25312,252432
"2017M10",21200,2832,0,0,0,0,2832,560,27472,97488,24080,144,0,0,0,3648,13152,140608,52544,8624,288,0,0,0,6544,1504,69712,196064,38960,448,0,0,0,15088,16432,269808
"2017M11",24192,2688,16,0,0,0,3344,656,31104,140592,35888,112,16,0,0,5776,16928,204048,64336,11488,400,0,0,0,7664,1872,85856,259488,53376,576,16,0,0,19232,20944,359296
"2017M12",14320,1808,48,0,0,0,1728,592,18656,175584,46848,320,0,0,0,6992,19904,257104,151488,26560,912,0,0,0,17152,5296,201600,369200,78528,1328,0,0,0,27584,26912,512192
"2018M01",14560,1968,16,0,0,0,1728,576,18976,143696,41648,112,0,0,0,5648,21264,219664,77952,14960,368,0,0,0,8560,2608,104592,264240,62208,544,0,0,0,17328,25280,378336
"2018M02",20608,2688,64,0,0,0,2736,640,26992,169968,44960,176,0,0,0,6160,16800,246384,80224,14080,368,0,0,0,9520,2624,107232,303776,65072,624,0,0,0,20432,21248,422960
"2018M03",22176,2480,48,0,0,0,2960,784,28592,143648,38160,112,0,0,0,6288,18720,207536,85104,14368,480,0,0,0,11120,3168,114400,281248,58256,704,0,0,0,22704,23584,387952
"2018M04",18608,2128,64,0,0,0,2800,496,24128,105328,28560,112,0,0,0,4608,15312,154096,56832,9232,256,0,0,0,7424,1968,75808,204304,43056,576,0,0,0,16448,18640,283520
"2018M05",21072,2592,32,0,0,0,3280,656,27696,73328,15472,48,0,0,0,2816,8816,100816,48048,8240,144,0,0,0,7136,1584,65264,164896,28832,272,0,0,0,14688,12032,221488
"2018M06",18336,2080,32,0,0,0,2400,480,23360,60784,16944,128,0,0,0,2928,16464,97376,47392,7856,176,0,0,0,6992,1392,63904,148864,28816,384,0,0,0,13936,19280,211856
"2018M07",18080,2240,64,0,0,0,2704,560,23728,69104,18560,160,0,0,0,2800,31200,122112,51056,8512,240,0,0,0,6144,1904,67968,168400,31776,496,0,0,0,13424,35152,250032
"2018M08",19920,2320,96,0,0,0,2816,976,26176,73856,16352,112,0,0,0,2752,27648,120912,51056,8256,192,0,0,0,6496,1392,67472,170224,29312,432,0,0,0,13408,32144,246112
"2018M09",19360,2048,32,0,0,0,2848,704,25008,81424,24576,208,0,0,0,3584,21040,130848,50208,8576,336,0,0,0,7184,2032,68336,177952,37680,624,0,0,0,15376,25600,257520
"2018M10",20800,2640,96,0,0,0,3056,896,27552,98176,24608,64,0,0,0,3872,14336,144704,53904,9504,272,0,0,0,7056,2032,72864,202880,40144,432,0,0,0,16096,18912,282896
"2018M11",23469,2875,44,0,0,0,3251,705,30477,144788,38466,153,0,0,0,5122,18956,212906,67534,11696,356,0,0,0,8631,2086,90494,274959,56871,653,1,0,0,20109,23238,385789
"2018M12",14573,1703,32,0,0,0,1852,484,18811,180711,45042,315,0,0,0,7444,23139,263765,150155,25290,910,0,0,0,17256,5678,199548,383836,76001,1325,0,0,0,28826,30590,529255
"2019M01",15167,1795,28,0,0,0,1621,644,19409,146249,40849,133,2,0,0,5838,23795,224554,79355,13968,378,0,0,0,9500,3090,106568,279696,61735,595,2,0,0,19132,28900,399346
"2019M02",21561,2435,74,0,0,0,2860,621,27750,155938,41424,140,0,0,0,6035,18160,233490,74931,12797,348,0,0,0,9755,3106,101413,295336,61571,645,0,0,0,21685,23438,417934
"2019M03",24224,3111,33,0,0,0,3505,784,31807,135879,34652,151,0,0,0,5887,18584,201931,69974,11667,356,0,0,0,9144,2816,94214,270051,54176,583,0,0,0,21069,23956,378270
"2019M04",16716,2076,40,0,0,0,2461,448,21845,104257,30828,161,0,0,0,5404,17994,160190,65820,10271,416,0,0,0,8270,2536,87506,216978,46565,710,0,0,0,18652,22140,307409
"2019M05",23973,2732,56,0,0,0,3352,619,30805,64241,16152,144,0,0,0,2677,9550,93091,45706,7265,390,0,0,0,6626,1436,61481,161673,29002,671,0,0,0,14685,12495,219331
"2019M06",22544,2519,50,0,0,0,2864,678,28743,54539,14809,158,0,0,0,2686,18748,91056,44075,6773,303,0,0,0,6418,1472,59070,149534,26783,570,7,0,0,13977,22167,213536
"2019M07",22820,2488,40,0,0,0,2920,1061,29408,62434,17669,119,0,0,0,2691,34303,117348,50131,8191,263,0,0,0,6507,2135,67263,169711,31126,482,1,0,0,14268,39538,255585
"2019M08",24150,2544,51,0,0,0,3094,1210,31097,67408,17124,122,0,0,0,2674,33000,120389,47785,8011,273,0,0,0,6460,2206,64747,166131,30583,509,1,0,0,14338,39240,251131
"2019M09",24460,2877,54,3,0,0,3039,840,31339,73658,22586,119,0,0,0,3488,25306,125207,50187,8336,374,0,0,0,7183,2464,68549,177936,36925,628,8,0,0,15729,30207,261770
"2019M10",24275,2850,66,0,0,0,3118,745,31188,91378,23089,75,0,0,0,3814,17608,137118,54155,10068,327,0,0,0,7321,2559,74531,202391,39525,556,2,0,0,16909,22530,283834
"2019M11",27937,3395,45,2,0,0,3529,782,35813,133913,36711,151,5,0,0,5331,21118,199755,65951,11313,398,0,0,0,8431,2531,88768,263827,55579,681,8,0,0,20096,26062,372108
"2019M12",17197,2062,40,0,0,0,2095,534,22102,177903,43910,321,0,0,0,6808,25199,267941,152545,25184,988,0,0,0,17449,6208,203146,375096,74110,1422,0,0,0,28299,33406,528219
"2020M01",16126,2005,35,0,0,0,1626,485,20428,152579,43890,220,0,0,0,5613,27458,236496,86084,14337,468,0,0,0,10325,3885,115364,285250,64251,857,0,0,0,19314,32986,410778
"2020M02",23308,2839,110,0,0,0,2894,709,30065,124827,32769,142,0,0,0,5782,19801,193975,79411,13248,508,0,0,0,10195,3681,107512,259359,52441,861,0,0,0,21304,25677,372745
"2020M03",9454,1063,15,0,0,0,1376,442,12594,51971,13190,60,0,0,0,2587,10151,84215,38134,5863,199,0,0,0,4609,1829,51664,121367,22132,323,0,0,0,9874,13360,175521
"2020M04",54,2,0,0,0,0,0,0,56,3,1,0,0,0,0,0,0,4,344,8,0,0,0,0,0,0,356,1594,113,0,0,0,0,0,0,1721
"2020M05",80,0,0,0,0,0,29,0,109,48,0,0,0,0,0,0,0,51,774,0,0,0,0,0,0,0,774,2141,0,0,0,0,0,31,0,2189
"2020M06",156,2,0,0,0,0,0,0,184,47,0,0,0,0,0,0,0,47,1348,10,0,0,0,0,0,0,1363,3388,57,0,0,0,0,0,0,3521
"2020M07",222,0,0,0,0,0,0,0,228,42,0,0,0,0,0,0,0,43,1218,14,0,0,0,0,0,0,1236,3392,21,0,0,0,0,0,0,3481
"2020M08",311,81,0,0,0,0,0,0,398,42,0,0,0,0,0,0,0,43,1351,35,0,0,0,0,0,0,1395,4389,273,0,0,0,0,2,0,4782
"2020M09",527,206,0,0,0,0,0,0,739,48,2,0,0,0,0,0,0,54,1369,32,0,0,0,0,0,0,1407,4793,528,0,0,0,0,0,0,5519
"2020M10",525,100,0,0,0,0,0,0,643,105,3,0,0,0,0,0,0,111,1824,61,0,0,0,0,1,0,1908,4385,430,0,0,0,0,2,0,5073
"2020M11",322,49,0,0,0,0,0,0,378,165,5,0,0,0,0,0,0,175,2596,125,0,0,0,0,0,0,2746,4682,248,0,0,0,0,0,0,5116
"2020M12",250,27,0,0,0,0,0,0,279,180,4,0,0,0,0,0,0,185,3259,103,0,0,0,0,0,0,3396,5506,235,0,0,0,0,0,0,5904
"2021M01",371,73,0,0,0,0,0,0,458,145,2,0,0,0,0,0,0,150,2343,23,0,0,0,0,1,0,2407,4951,308,0,0,0,0,2,0,5448
"2021M02",386,32,0,0,0,0,0,0,418,107,4,0,0,0,0,0,0,111,2085,38,0,0,0,0,0,0,2123,5007,170,0,0,0,0,0,0,5297
"2021M03",372,21,0,0,0,0,0,0,405,102,5,0,0,0,0,0,0,107,2182,58,0,0,0,0,0,0,2240,4362,172,0,0,0,0,0,0,4639
"2021M04",1782,181,0,0,0,0,172,69,2226,1536,404,0,0,0,0,137,873,2951,15757,3473,0,0,0,0,2793,736,22759,22314,4401,0,0,0,0,3287,1772,31931
"2021M05",5915,690,0,0,0,0,944,280,7829,3470,1324,0,0,0,0,422,2380,7596,24844,5663,0,0,0,0,4818,1309,36634,38492,8166,0,0,0,0,6667,4189,57605
"2021M06",3518,441,0,0,0,0,498,178,4635,4476,2381,0,0,0,0,428,4857,12142,20963,4154,0,0,0,0,3603,1038,29758,32654,7461,0,0,0,0,4878,6454,51590
"2021M07",1327,239,0,0,0,0,90,81,1737,2650,1042,0,0,0,0,193,4487,8372,11334,2100,0,0,0,0,1420,757,15611,18802,3736,0,0,0,0,1916,5578,30209
"2021M08",153,5,0,0,0,0,0,0,158,70,2,0,0,0,0,0,0,72,853,40,0,0,0,0,0,0,893,2341,98,0,0,0,0,0,0,2676
"2021M09",201,264,0,0,0,0,0,0,465,31,2,0,0,0,0,0,0,33,652,48,0,0,0,0,0,0,700,1681,522,0,0,0,0,0,0,2310
"2021M10",241,244,0,0,0,0,0,0,485,52,4,0,0,0,0,0,0,56,1144,84,0,0,0,0,0,0,1228,2753,771,0,0,0,0,1,0,3687
"2021M11",231,164,0,0,0,0,0,0,395,75,16,0,0,0,0,0,0,91,2114,167,0,0,0,0,0,0,2281,4305,777,0,0,0,0,0,0,5309
"2021M12",211,47,0,0,0,0,0,0,258,167,3,0,0,0,0,0,0,170,3126,139,0,0,0,0,0,0,3265,5394,511,0,0,0,0,0,0,6161
"2022M01",258,66,0,0,0,0,0,0,324,106,0,0,0,0,0,0,0,106,1757,58,0,0,0,0,0,0,1816,3725,185,0,0,0,0,0,0,4033
"2022M02",391,59,0,0,0,0,0,0,450,88,4,0,0,0,0,0,0,92,1652,88,0,0,0,0,0,0,1740,4697,400,0,0,0,0,0,0,5235
"2022M03",726,143,0,0,0,0,1,0,870,764,125,0,0,0,0,0,0,889,17943,3755,0,0,0,0,96,0,21794,23767,4432,0,0,0,0,108,0,28624
"2022M04",2397,284,0,0,0,0,98,9,2790,3169,933,0,0,0,0,189,2,4293,31236,5824,0,0,0,0,3382,6,40448,42631,7537,0,0,0,0,3959,17,54303
"2022M05",8663,994,0,0,0,0,529,64,10250,7558,2506,0,0,0,0,341,562,10967,31523,5540,0,0,0,0,3449,237,40749,56163,10260,0,0,0,0,5021,1137,72755
"Table information:"
"Units:"
"Number, Magnitude = Units"
""
"Footnotes:"
"Data is derived from a sample of records and hence may contain sample error. Caution should be used when using data with low cell values."
"Visitor arrivals are overseas residents arriving in New Zealand for a stay of less than 12 months."
"For arrival series, the country of residence is the country where a person last lived for 12 months or more (country of last permanent residence)."
"The United Kingdom also includes the Channel Islands and the Isle of Man."
"NZ port refers to the NZ port where the passenger was processed by Customs. Before September 1997, NZ port referred to the first NZ port of arrival or last NZ port of departure."
"For detailed metadata about purposes used in International Travel and Migration statistics, see DataInfo+. http://ow.ly/Mm9ba"
"Purpose "other" includes older categories which no longer exist, such as: temporary work/working holiday, performing in arts/sport/entertainment, stopover/in transit, evacuees, naval ratings, and officials."
"For detailed metadata about countries used in International Travel and Migration statistics, see DataInfo+. http://ow.ly/Mm9ba"
"Imputation of 'country of residence' for visitor arrivals who have not stated a response on their arrival card, occurred from August 2016 to October 2018."
"Observed changes in travel from a country may be partly due to these methodology changes."
" "
"Symbols:"
".. figure not available"
"C: Confidential"
"E: Early Estimate"
"P: Provisional"
"R: Revised"
"S: Suppressed"
""
"Status flags are not displayed"
""
"Table reference: "
"ITM091AA"
""
"Last updated:"
"12 July 2022 10:45am"
""
"Source: Statistics New Zealand"
"Contact: Information Centre"
"Telephone: 0508 525 525"
"Email:info@stats.govt.nz"
""
""
""
